dateReference,codeUic,nomGare,nomCommune,passagesTer,passagesIntercites,passagesTgv,passagesAutre,totalPassages
20261210,87212027,Strasbourg,STRASBOURG,582,0,83,0,665
20261210,87286005,Lille Flandres,LILLE,514,0,44,0,558
20261210,87481002,Nantes,NANTES,408,14,60,0,482
20261210,87723197,Lyon Part Dieu,LYON,356,10,110,0,476
20261210,87581009,Bordeaux Saint-Jean,BORDEAUX,304,18,76,0,398
20261210,87141002,Nancy,NANCY,360,4,34,0,398
20261210,87751008,Marseille Saint-Charles,MARSEILLE,297,10,73,0,380
20261210,87192039,Metz,METZ,321,0,41,0,362
20261210,87471003,Rennes,RENNES,284,0,77,0,361
20261210,87611004,Toulouse Matabiau,TOULOUSE,303,27,17,0,347
20261210,87722025,Lyon Perrache,LYON,277,10,50,0,337
20261210,87182063,Mulhouse,MULHOUSE,246,0,34,0,280
20261210,87391003,Paris Montparnasse 1 et 2+Vaugirard,PARIS,75,0,205,0,280
20261210,87271007,Paris Gare du Nord,PARIS,196,0,60,6,262
20261210,87713040,Dijon,DIJON,214,4,38,0,256
20261210,87313874,Amiens,AMIENS,249,0,6,0,255
20261210,87741009,Chambéry Challes les Eaux,CHAMBERY,224,0,16,0,240
20261210,87747006,Grenoble,GRENOBLE,215,0,13,0,228
20261210,87214056,Sélestat,SELESTAT,225,0,2,0,227
20261210,87745497,Annemasse,ANNEMASSE,226,0,0,0,226
20261210,87571000,Tours,TOURS,180,0,13,30,223
20261210,87396002,Le Mans,LE MANS,149,0,60,0,209
20261210,87686006,Paris Gare de Lyon,PARIS,7,0,201,0,208
20261210,87345009,Douai,DOUAI,191,0,14,0,205
20261210,87756056,Nice,NICE,183,2,18,0,203
20261210,87734004,Clermont Ferrand,CLERMONT-FERRAND,181,18,0,0,199
20261210,87171009,Reims,REIMS,183,0,16,0,199
20261210,87726000,Saint-Étienne Châteaucreux,SAINT-ETIENNE,187,0,8,0,195
20261210,87484006,Angers Saint Laud,ANGERS,126,6,55,0,187
20261210,87765008,Avignon Centre,AVIGNON,181,0,4,0,185
20261210,87411017,Rouen Rive Droite,ROUEN,180,0,2,0,182
20261210,87718007,Besançon-Viotte,BESANCON,174,0,6,0,180
20261210,87343004,Valenciennes,VALENCIENNES,173,0,7,0,180
20261210,87113001,Paris Est,PARIS,59,0,120,0,179
20261210,87342014,Arras,ARRAS,136,0,38,0,174
20261210,87571240,Saint-Pierre des Corps,SAINT-PIERRE-DES-CORPS,86,6,51,30,173
20261210,87182014,Colmar,COLMAR,152,0,15,0,167
20261210,87193615,Sarreguemines,SARREGUEMINES,167,0,0,0,167
20261210,87581595,Cenon,CENON,164,0,0,0,164
20261210,87184002,Belfort,BELFORT,159,0,0,0,159
20261210,87286302,Hazebrouck,HAZEBROUCK,150,0,6,0,156
20261210,87345025,Lens,LENS,149,0,7,0,156
20261210,87191007,Thionville,THIONVILLE,139,0,15,0,154
20261210,87592006,Limoges Bénédictins,LIMOGES,134,19,0,0,153
20261210,87775007,Nîmes,NIMES,112,12,29,0,153
20261210,87276006,Creil,CREIL,150,0,0,0,150
20261210,87214577,Molsheim,MOLSHEIM,148,0,0,0,148
20261210,87757625,Cannes,CANNES,126,2,18,0,146
20261210,87757674,Antibes,ANTIBES,124,2,18,0,144
20261210,87214528,Entzheim,ENTZHEIM,138,0,0,0,138
20261210,87721175,Lyon Gorge de Loup,LYON,138,0,0,0,138
20261210,87723478,La Tour du Pin,LA TOUR-DU-PIN,137,0,0,0,137
20261210,87213058,Haguenau,HAGUENAU,133,0,0,0,133
20261210,87611301,Saint-Agne,TOULOUSE,133,0,0,0,133
20261210,87444000,Caen,CAEN,131,0,0,0,131
20261210,87723429,Bourgoin Jallieu,BOURGOIN-JALLIEU,131,0,0,0,131
20261210,87318964,Avignon TGV,AVIGNON,64,0,66,0,130
20261210,87384008,Paris St Lazare,PARIS,129,0,0,0,129
20261210,87191114,Hagondange,HAGONDANGE,128,0,0,0,128
20261210,87584052,Libourne,LIBOURNE,121,0,6,0,127
20261210,87534321,Mulhouse-Dornach (Tram/Train),MULHOUSE,126,0,0,0,126
20261210,87472639,Zu-Rhein,MULHOUSE,126,0,0,0,126
20261210,87534347,Lutterbach-Tram-Train,LUTTERBACH,126,0,0,0,126
20261210,87534339,Mulhouse Musées,MULHOUSE,126,0,0,0,126
20261210,87594002,Brive la Gaillarde,BRIVE-LA-GAILLARDE,106,19,0,0,125
20261210,87212118,Vendenheim,VENDENHEIM,125,0,0,0,125
20261210,87773002,Montpellier Saint-Roch,MONTPELLIER,84,12,29,0,125
20261210,87756320,Cagnes sur Mer,CAGNES-SUR-MER,124,0,0,0,124
20261210,87757666,Juan les Pins,ANTIBES,124,0,0,0,124
20261210,87756346,Saint-Laurent du Var,SAINT-LAURENT-DU-VAR,124,0,0,0,124
20261210,87756254,Nice Saint-Augustin,NICE,124,0,0,0,124
20261210,87721506,Ecully la Demi Lune,TASSIN-LA-DEMI-LUNE,122,0,0,0,122
20261210,87755009,Toulon,TOULON,94,2,26,0,122
20261210,87721159,Lyon Saint-Paul,LYON,122,0,0,0,122
20261210,87721431,L'Arbresle,L'ARBRESLE,122,0,0,0,122
20261210,87781104,Narbonne,NARBONNE,92,12,17,0,121
20261210,87212225,Saverne,SAVERNE,118,0,3,0,121
20261210,87213611,Bischwiller,BISCHWILLER,121,0,0,0,121
20261210,87761007,Valence,VALENCE,117,0,4,0,121
20261210,87763029,Valence TGV Rhône-Alpes Sud,ALIXAN,57,0,63,0,120
20261210,87743716,Ambérieu en Bugey,AMBERIEU-EN-BUGEY,119,0,0,0,119
20261210,87753004,Miramas,MIRAMAS,116,0,3,0,119
20261210,87741132,Aix les Bains le Revard,AIX-LES-BAINS,108,0,10,0,118
20261210,87342006,Béthune,BETHUNE,112,0,6,0,118
20261210,87746008,Annecy,ANNECY,107,0,10,0,117
20261210,87696005,Nevers,NEVERS,96,20,0,0,116
20261210,87575001,Poitiers,POITIERS,73,0,42,0,115
20261210,87747402,Grenoble Universités Gières,GIERES,114,0,0,0,114
20261210,87741181,Montmelian,MONTMELIAN,113,0,0,0,113
20261210,87756486,Menton,MENTON,112,0,0,0,112
20261210,87756379,Beaulieu sur Mer,BEAULIEU-SUR-MER,112,0,0,0,112
20261210,87576009,Vierzon Ville,VIERZON,89,23,0,0,112
20261210,87756361,Villefranche sur Mer,VILLEFRANCHE-SUR-MER,112,0,0,0,112
20261210,87756353,Nice Riquier,NICE,112,0,0,0,112
20261210,87543009,Orléans,ORLEANS,112,0,0,0,112
20261210,87751081,Marseille-Blancarde,MARSEILLE,110,2,0,0,112
20261210,87756478,Carnoles,ROQUEBRUNE-CAP-MARTIN,111,0,0,0,111
20261210,87756387,Eze,EZE,111,0,0,0,111
20261210,87141820,Pont à Mousson,PONT-A-MOUSSON,111,0,0,0,111
20261210,87756395,Cap d'Ail,CAP-D'AIL,111,0,0,0,111
20261210,87756460,Cap Martin Roquebrune,ROQUEBRUNE-CAP-MARTIN,111,0,0,0,111
20261210,87722405,Givors,GIVORS,110,0,0,0,110
20261210,87343103,Saint-Amand les Eaux,SAINT-AMAND-LES-EAUX,110,0,0,0,110
20261210,87286583,Orchies,ORCHIES,110,0,0,0,110
20261210,87317263,Calais,CALAIS,110,0,0,0,110
20261210,87751750,Aubagne,AUBAGNE,110,0,0,0,110
20261210,87296004,Saint-Quentin,SAINT-QUENTIN,101,0,6,2,109
20261210,87726331,Rive de Gier,RIVE-DE-GIER,109,0,0,0,109
20261210,87726307,Saint-Chamond,SAINT-CHAMOND,109,0,0,0,109
20261210,87172007,Charlevilles Mézières,CHARLEVILLE-MEZIERES,105,0,4,0,109
20261210,87144006,Epinal,EPINAL,105,0,4,0,109
20261210,87747329,Moirans,MOIRANS,108,0,0,0,108
20261210,87721282,Saint-Germain au Mont d'Or,SAINT-GERMAIN-AU-MONT-D'OR,108,0,0,0,108
20261210,87295600,Aulnoye Aymeries,AULNOYE-AYMERIES,101,0,0,6,107
20261210,87547000,Paris Austerlitz,PARIS,68,28,11,0,107
20261210,87743005,Bourg en Bresse,BOURG-EN-BRESSE,90,0,16,0,106
20261210,87109306,Lille CHR,LILLE,106,0,0,0,106
20261210,87581751,Pessac,PESSAC,105,0,0,0,105
20261210,87745000,Bellegarde,VALSERHONE,89,0,16,0,105
20261210,87182139,Saint-Louis Haut-Rhin,SAINT-LOUIS,104,0,0,0,104
20261210,87276691,Compiègne,MARGNY-LES-COMPIEGNE,103,0,0,0,103
20261210,87192468,Pagny sur Moselle,PAGNY-SUR-MOSELLE,103,0,0,0,103
20261210,87191130,Uckange,UCKANGE,103,0,0,0,103
20261210,87282624,Lyon Jean Macé,LYON,103,0,0,0,103
20261210,87182568,Thann,THANN,102,0,0,0,102
20261210,87721514,Tassin,TASSIN-LA-DEMI-LUNE,102,0,0,0,102
20261210,87747287,Voiron,VOIRON,102,0,0,0,102
20261210,87212134,Brumath,BRUMATH,101,0,0,0,101
20261210,87296012,Laon,LAON,101,0,0,0,101
20261210,87212142,Mommenheim,MOMMENHEIM,101,0,0,0,101
20261210,87582478,Biganos-Facture,BIGANOS,95,2,2,0,99
20261210,87723395,La Verpilliere,LA VERPILLIERE,99,0,0,0,99
20261210,87394007,Chartres,CHARTRES,93,0,6,0,99
20261210,87481440,Clisson,CLISSON,99,0,0,0,99
20261210,87721001,Lyon Vaise,LYON,99,0,0,0,99
20261210,87723494,Saint-André le Gaz,SAINT-ANDRE-LE-GAZ,98,0,0,0,98
20261210,87725689,Mâcon,MACON,89,4,5,0,98
20261210,87721423,Lozanne,LOZANNE,98,0,0,0,98
20261210,87286179,Bailleul,BAILLEUL,97,0,0,0,97
20261210,87595009,Périgueux,PERIGUEUX,97,0,0,0,97
20261210,87286146,Armentières,ARMENTIERES,97,0,0,0,97
20261210,87174003,Châlons en Champagne,CHALONS-EN-CHAMPAGNE,94,0,2,0,96
20261210,87144014,Saint-Dié des Vosges,SAINT-DIE-DES-VOSGES,93,0,2,0,95
20261210,87182410,Cernay (Haut-Rhin),CERNAY,95,0,0,0,95
20261210,87721332,Villefranche sur Saône,VILLEFRANCHE-SUR-SAONE,95,0,0,0,95
20261210,87481838,Savenay,SAVENAY,95,0,0,0,95
20261210,87182550,Vieux Thann,VIEUX-THANN,94,0,0,0,94
20261210,87181289,Vieux Thann ZI,VIEUX-THANN,94,0,0,0,94
20261210,87725002,Chalon sur Saône,CHALON-SUR-SAONE,85,4,5,0,94
20261210,87171272,Reims Maison Blanche,REIMS,93,0,0,0,93
20261210,87141150,Lunéville,LUNEVILLE,91,0,2,0,93
20261210,87417444,Franchet d'Esperey,REIMS,93,0,0,0,93
20261210,87713545,Beaune,BEAUNE,87,0,4,0,91
20261210,87722587,Vienne,VIENNE,91,0,0,0,91
20261210,87781005,Béziers,BEZIERS,62,11,17,0,90
20261210,87171926,Champagne Ardenne TGV,BEZANNES,54,0,34,0,88
20261210,87721522,Le Meridien la Ferrière,CHARBONNIERES-LES-BAINS,87,0,0,0,87
20261210,87721555,Lentilly,LENTILLY,87,0,0,0,87
20261210,87281006,Dunkerque,DUNKERQUE,77,0,10,0,87
20261210,87734053,Riom-Châtel Guyon,RIOM,73,14,0,0,87
20261210,87566919,Lentilly-Charpenay,LENTILLY,87,0,0,0,87
20261210,87208553,Casino Lacroix Laval,LA TOUR-DE-SALVAGNY,87,0,0,0,87
20261210,87721530,Charbonnières les Bains,CHARBONNIERES-LES-BAINS,87,0,0,0,87
20261210,87726802,Roanne,ROANNE,80,6,0,0,86
20261210,87345256,Libercourt,LIBERCOURT,86,0,0,0,86
20261210,87713578,Chagny,CHAGNY,86,0,0,0,86
20261210,87286518,Seclin,SECLIN,86,0,0,0,86
20261210,87611244,Montauban Ville Bourbon,MONTAUBAN,60,17,9,0,86
20261210,87476606,Vannes,VANNES,66,0,19,0,85
20261210,87147322,Meuse TGV,LES TROIS-DOMAINES,0,0,85,0,85
20261210,87748350,Talence Médoquine,TALENCE,84,0,0,0,84
20261210,87751602,L'Estaque,MARSEILLE,84,0,0,0,84
20261210,87182881,Thann-Saint-Jacques,THANN,83,0,0,0,83
20261210,87194001,Longwy,LONGWY,83,0,0,0,83
20261210,87481192,Ancenis,ANCENIS-SAINT-GEREON,83,0,0,0,83
20261210,87478404,Laval,LAVAL,54,0,28,0,82
20261210,87773200,Sète,SETE,67,3,12,0,82
20261210,87683268,Laroches Migennes,MIGENNES,82,0,0,0,82
20261210,87193003,Forbach,FORBACH,77,0,4,0,81
20261210,87586008,Agen,AGEN,62,6,12,0,80
20261210,87439554,Vitrolles Aeroport Marseille Provence,VITROLLES,80,0,0,0,80
20261210,87721563,Fleurieux sur l'Arbresle,FLEURIEUX-SUR-L'ARBRESLE,80,0,0,0,80
20261210,87474098,Quimper,QUIMPER,62,0,18,0,80
20261210,87446179,Saint-Cyprien Arènes,TOULOUSE,80,0,0,0,80
20261210,87313510,Beauvais,BEAUVAIS,80,0,0,0,80
20261210,87485003,La Rochelle,LA ROCHELLE,58,8,14,0,80
20261210,87181131,Graffenwald,WITTELSHEIM,80,0,0,0,80
20261210,87611467,Colomiers,COLOMIERS,80,0,0,0,80
20261210,87721548,La Tour de Salvagny,LA TOUR-DE-SALVAGNY,80,0,0,0,80
20261210,87673202,Dax,DAX,59,2,18,0,79
20261210,87751404,Aix en Provence,AIX-EN-PROVENCE,79,0,0,0,79
20261210,87583005,Angoulême,ANGOULEME,49,0,30,0,79
20261210,87491001,Saintes,SAINTES,71,8,0,0,79
20261210,87215012,Sarrebourg,SARREBOURG,76,0,3,0,79
20261210,87296442,Tergnier,TERGNIER,78,0,0,0,78
20261210,87474007,Brest,BREST,58,0,20,0,78
20261210,87751438,Simiane,SIMIANE-COLLONGUE,77,0,0,0,77
20261210,87751826,Saint-Antoine,MARSEILLE,77,0,0,0,77
20261210,87444265,Lisieux,LISIEUX,77,0,0,0,77
20261210,87473009,Saint-Brieuc,SAINT-BRIEUC,55,0,22,0,77
20261210,87751420,Gardanne,GARDANNE,77,0,0,0,77
20261210,87472605,Thann Centre,THANN,76,0,0,0,76
20261210,87476002,Lorient,LORIENT,56,0,20,0,76
20261210,87611400,Portet Saint-Simon,PORTET-SUR-GARONNE,76,0,0,0,76
20261210,87673004,Bayonne,BAYONNE,60,6,10,0,76
20261210,87223263,Lille Europe,LILLE,26,0,49,0,75
20261210,87746305,La Roche sur Foron,LA ROCHE-SUR-FORON,75,0,0,0,75
20261210,87295857,Le Quesnoy,LE QUESNOY,75,0,0,0,75
20261210,87782607,Clermont la Pardieu,CLERMONT-FERRAND,75,0,0,0,75
20261210,87214148,Erstein,ERSTEIN,74,0,0,0,74
20261210,87214122,Benfeld,BENFELD,74,0,0,0,74
20261210,87725895,Echirolles,ECHIROLLES,74,0,0,0,74
20261210,87713412,Dole,DOLE,63,0,10,0,73
20261210,87672006,Pau,PAU,57,8,8,0,73
20261210,87784009,Perpignan,PERPIGNAN,60,0,12,0,72
20261210,87576207,Bourges,BOURGES,66,6,0,0,72
20261210,87193250,Bening,BENING-LES-SAINT-AVOLD,72,0,0,0,72
20261210,87471300,Redon,REDON,64,0,8,0,72
20261210,87393009,Versailles Chantiers,VERSAILLES,64,0,7,0,71
20261210,87615344,Saint-Sulpice (Tarn),SAINT-SULPICE-LA-POINTE,71,0,0,0,71
20261210,87192237,Remilly,REMILLY,70,0,0,0,70
20261210,87471391,Pontchaillou,RENNES,70,0,0,0,70
20261210,87313049,Longueau,BOVES,70,0,0,0,70
20261210,87773457,Baillargues,BAILLARGUES,70,0,0,0,70
20261210,87313080,Saint-Roch,AMIENS,70,0,0,0,70
20261210,87773408,Lunel,LUNEL,70,0,0,0,70
20261210,87413385,Yvetot,YVETOT,70,0,0,0,70
20261210,87313072,Albert,ALBERT,70,0,0,0,70
20261210,87761718,Saint-Marcellin (Isère),SAINT-MARCELLIN,69,0,0,0,69
20261210,87615286,Carcassonne,CARCASSONNE,52,12,5,0,69
20261210,87286435,Don Sainghin,SAINGHIN-EN-WEPPES,69,0,0,0,69
20261210,87726729,Firminy,FIRMINY,69,0,0,0,69
20261210,87726190,Saint-Etienne Bellevue,SAINT-ETIENNE,68,0,0,0,68
20261210,87696328,Moulins sur Allier,MOULINS,48,20,0,0,68
20261210,87345520,Cambrai,CAMBRAI,68,0,0,0,68
20261210,87703975,Nîmes Pont du Gard,MANDUEL,41,0,27,0,68
20261210,87411207,Oissel,OISSEL,68,0,0,0,68
20261210,87755231,Ollioules-Sanary sur Mer,OLLIOULES,68,0,0,0,68
20261210,87765206,Sorgues-Châteauneuf du Pape,SORGUES,68,0,0,0,68
20261210,87751784,La Ciotat,LA CIOTAT,68,0,0,0,68
20261210,87726901,Saint-Etienne Carnot,SAINT-ETIENNE,68,0,0,0,68
20261210,87213603,Marienthal,HAGUENAU,67,0,0,0,67
20261210,87742262,Toulon Sainte-Musse,TOULON,67,0,0,0,67
20261210,87171553,Epernay,EPERNAY,67,0,0,0,67
20261210,87773556,Frontignan,FRONTIGNAN,67,0,0,0,67
20261210,87755314,La Pauline Hyères,LA GARDE,67,0,0,0,67
20261210,87543017,Les Aubrais Orléans,FLEURY-LES-AUBRAIS,55,9,3,0,67
20261210,87732008,Vichy,VICHY,53,14,0,0,67
20261210,87726828,Le Coteau,LE COTEAU,67,0,0,0,67
20261210,87755306,La Garde,LA GARDE,67,0,0,0,67
20261210,87747493,Pontcharra sur Breda Allevard,PONTCHARRA,67,0,0,0,67
20261210,87212266,Fegersheim-Lipsheim,LIPSHEIM,67,0,0,0,67
20261210,87214247,Barr,BARR,66,0,0,0,66
20261210,87413344,Bréauté-Beuzeville,BREAUTE,66,0,0,0,66
20261210,87175042,Bar le Duc,BAR-LE-DUC,42,0,24,0,66
20261210,87144410,Arches,ARCHES,66,0,0,0,66
20261210,87141135,Blainville-Damelevières,DAMELEVIERES,66,0,0,0,66
20261210,87396408,Sablé,SABLE-SUR-SARTHE,60,0,6,0,66
20261210,87141077,Frouard,FROUARD,66,0,0,0,66
20261210,87182055,Mulhouse-Dornach,MULHOUSE,66,0,0,0,66
20261210,87213660,Kurtzenhouse,KURTZENHOUSE,65,0,0,0,65
20261210,87212100,Mundolsheim,MUNDOLSHEIM,65,0,0,0,65
20261210,87753251,Rognac,ROGNAC,65,0,0,0,65
20261210,87213678,Weyersheim,WEYERSHEIM,65,0,0,0,65
20261210,87214320,Rosheim,ROSHEIM,65,0,0,0,65
20261210,87213686,Hoerdt,HOERDT,65,0,0,0,65
20261210,87722546,Serezin,SEREZIN-DU-RHONE,65,0,0,0,65
20261210,87471508,Vitré,VITRE,60,0,4,0,64
20261210,87317065,Etaples-le Touquet,ETAPLES,61,0,3,0,64
20261210,87214551,Dachstein,MOLSHEIM,64,0,0,0,64
20261210,87214536,Duppigheim,DUPPIGHEIM,64,0,0,0,64
20261210,87757641,Golfe Juan Vallauris,VALLAURIS,64,0,0,0,64
20261210,87319012,Aix en Provence-TGV,AIX-EN-PROVENCE,0,0,64,0,64
20261210,87726158,Saint-Etienne la Terrasse,SAINT-ETIENNE,64,0,0,0,64
20261210,87191163,Hettange Grande,HETTANGE-GRANDE,64,0,0,0,64
20261210,87473207,Guingamp,GUINGAMP,50,0,14,0,64
20261210,87755447,Les Arcs Draguignan,LES ARCS,53,2,9,0,64
20261210,87141010,Jarville la Malgrange,JARVILLE-LA-MALGRANGE,64,0,0,0,64
20261210,87213470,Wissembourg,WISSEMBOURG,64,0,0,0,64
20261210,87214544,Duttlenheim,DACHSTEIN,64,0,0,0,64
20261210,87756304,Villeneuve Loubet Plage,VILLENEUVE-LOUBET,64,0,0,0,64
20261210,87141101,Varangeville Saint-Nicolas,VARANGEVILLE,64,0,0,0,64
20261210,87212258,Geispolsheim,GEISPOLSHEIM,63,0,0,0,63
20261210,87694307,Montchanin,MONTCHANIN,63,0,0,0,63
20261210,87345140,Billy Montigny,BILLY-MONTIGNY,63,0,0,0,63
20261210,87345157,Hénin Beaumont,HENIN-BEAUMONT,63,0,0,0,63
20261210,87345165,Dourges,DOURGES,63,0,0,0,63
20261210,87345249,Ostricourt,OSTRICOURT,63,0,0,0,63
20261210,87295006,Maubeuge,MAUBEUGE,63,0,0,0,63
20261210,87394114,Epernon,EPERNON,62,0,0,0,62
20261210,87212191,Strasbourg Roethig,STRASBOURG,62,0,0,0,62
20261210,87394130,Maintenon,MAINTENON,62,0,0,0,62
20261210,87271494,Aéroport Charles de Gaulle 2 TGV,TREMBLAY-EN-FRANCE,0,0,62,0,62
20261210,87756338,Cros de Cagnes,CAGNES-SUR-MER,62,0,0,0,62
20261210,87611038,Muret,MURET,62,0,0,0,62
20261210,87317586,Boulogne,BOULOGNE-SUR-MER,52,0,10,0,62
20261210,87721605,Sain Bel,SAIN-BEL,62,0,0,0,62
20261210,87761759,Tullins-Fures,TULLINS,62,0,0,0,62
20261210,87757690,Biot,ANTIBES,62,0,0,0,62
20261210,87111849,Marne la Vallée Chessy,CHESSY,0,0,62,0,62
20261210,87214288,Obernai,OBERNAI,62,0,0,0,62
20261210,87214502,Lingolsheim,LINGOLSHEIM,62,0,0,0,62
20261210,87214338,Dorlisheim,DORLISHEIM,62,0,0,0,62
20261210,87214296,Bischoffsheim,BISCHOFFSHEIM,62,0,0,0,62
20261210,87276279,Orry la Ville Coye,ORRY-LA-VILLE,61,0,0,0,61
20261210,87476200,Auray,AURAY,48,0,13,0,61
20261210,87276113,Chantilly-Gouvieux,CHANTILLY,61,0,0,0,61
20261210,87342436,La Bassée,LA BASSEE,61,0,0,0,61
20261210,87721266,Albigny-Neuville,ALBIGNY-SUR-SAONE,61,0,0,0,61
20261210,87781278,Agde,AGDE,52,0,8,0,60
20261210,87755215,Saint-Cyr les Lecques la Cadière,SAINT-CYR-SUR-MER,60,0,0,0,60
20261210,87755223,Bandol,BANDOL,60,0,0,0,60
20261210,87141044,Toul,TOUL,56,4,0,0,60
20261210,87775114,Vergèze Codognan,VERGEZE,60,0,0,0,60
20261210,87686667,Paris Bercy,PARIS,44,16,0,0,60
20261210,87381509,Mantes la Jolie,MANTES-LA-JOLIE,58,0,2,0,60
20261210,87751776,Cassis,CASSIS,60,0,0,0,60
20261210,87755264,La Seyne Six Fours,LA SEYNE-SUR-MER,60,0,0,0,60
20261210,87683003,Sens,SENS,59,0,0,0,59
20261210,87444208,Mézidon,MEZIDON VALLEE D'AUGE,59,0,0,0,59
20261210,87286625,Templeuve,TEMPLEUVE-EN-PEVELE,59,0,0,0,59
20261210,87144097,Thaon,THAON-LES-VOSGES,59,0,0,0,59
20261210,87212464,Lauterbourg,LAUTERBOURG,59,0,0,0,59
20261210,87683243,Joigny,JOIGNY,59,0,0,0,59
20261210,87213165,Obermodern,OBERMODERN-ZUTZENDORF,59,0,0,0,59
20261210,87574004,Blois,BLOIS,56,0,3,0,59
20261210,87478073,Dol,DOL-DE-BRETAGNE,55,0,4,0,59
20261210,87611665,Castelnau d'Estrétefonds,CASTELNAU-D'ESTRETEFONDS,59,0,0,0,59
20261210,87746875,Vallorcine,VALLORCINE,59,0,0,0,59
20261210,87172254,Sedan,SEDAN,54,0,4,0,58
20261210,87317362,Abbeville,ABBEVILLE,58,0,0,0,58
20261210,87487603,Saumur,SAUMUR,47,6,5,0,58
20261210,87393314,Rambouillet,RAMBOUILLET,58,0,0,0,58
20261210,87144055,Charmes Vosges,CHARMES,58,0,0,0,58
20261210,87212126,Stephansfeld,BRUMATH,58,0,0,0,58
20261210,87317305,Les Fontinettes,CALAIS,58,0,0,0,58
20261210,87718320,Saint-Vit,SAINT-VIT,58,0,0,0,58
20261210,87213256,Niederbronn,NIEDERBRONN-LES-BAINS,58,0,0,0,58
20261210,87474239,Landerneau,LANDERNEAU,56,0,2,0,58
20261210,87734202,Issoire,ISSOIRE,56,2,0,0,58
20261210,87144071,Chatel Nomexy,NOMEXY,57,0,0,0,57
20261210,87759290,Picon Busserine,MARSEILLE,57,0,0,0,57
20261210,87713347,Auxonne,TILLENAY,57,0,0,0,57
20261210,87751800,Septèmes,SEPTEMES-LES-VALLONS,57,0,0,0,57
20261210,87751842,Sainte-Marthe en Provence,MARSEILLE,57,0,0,0,57
20261210,87641001,Montluçon,MONTLUCON,57,0,0,0,57
20261210,87756494,Menton-Garavan,MENTON,57,0,0,0,57
20261210,87447219,Lison,MOON-SUR-ELLE,57,0,0,0,57
20261210,87582775,Langon,LANGON,57,0,0,0,57
20261210,87295063,Hirson,HIRSON,57,0,0,0,57
20261210,87759316,Saint-Joseph le Castellas,MARSEILLE,57,0,0,0,57
20261210,87734186,Vic le Comte,VIC-LE-COMTE,57,0,0,0,57
20261210,87286641,Fretin,FRETIN,56,0,0,0,56
20261210,87286575,Landas,LANDAS,56,0,0,0,56
20261210,87746511,Reignier,REIGNIER-ESERY,56,0,0,0,56
20261210,87478032,Montreuil sur Ille,MONTREUIL-SUR-ILLE,56,0,0,0,56
20261210,87721357,Belleville sur Sâone,BELLEVILLE-EN-BEAUJOLAIS,56,0,0,0,56
20261210,87543165,Salbris,SALBRIS,56,0,0,0,56
20261210,87286567,Rosult,ROSULT,56,0,0,0,56
20261210,87286849,Lesquin,LESQUIN,56,0,0,0,56
20261210,87582668,Arcachon,ARCACHON,54,0,2,0,56
20261210,87193318,Saint-Avold,VALMONT,55,0,0,0,55
20261210,87193359,Faulquemont,FAULQUEMONT,55,0,0,0,55
20261210,87141218,Bayon,VIRECOURT,55,0,0,0,55
20261210,87413013,Le Havre,LE HAVRE,53,0,2,0,55
20261210,87300863,Besançon Franche-Comté TGV,LES AUXONS,30,0,25,0,55
20261210,87756775,Drap-Cantaron,CANTARON,54,0,0,0,54
20261210,87281444,Saint-Omer,SAINT-OMER,54,0,0,0,54
20261210,87214130,Matzenheim,MATZENHEIM,54,0,0,0,54
20261210,87582445,Marcheprime,MARCHEPRIME,54,0,0,0,54
20261210,87338525,Krimmeri Meinau,STRASBOURG,54,0,0,0,54
20261210,87582403,Gazinet Cestas,CESTAS,54,0,0,0,54
20261210,87761163,Tain l'Hermitage Tournon,TAIN-L'HERMITAGE,54,0,0,0,54
20261210,87582601,Le Teich,LE TEICH,54,0,0,0,54
20261210,87751529,L'Ariane la Trinité,LA TRINITE,54,0,0,0,54
20261210,87753285,Pas des Lanciers,MARIGNANE,54,0,0,0,54
20261210,87582643,La Teste,LA TESTE-DE-BUCH,54,0,0,0,54
20261210,87444067,Bayeux,BAYEUX,54,0,0,0,54
20261210,87590299,Nice Pont Michel,NICE,54,0,0,0,54
20261210,87753202,Saint-Chamas,SAINT-CHAMAS,54,0,0,0,54
20261210,87723353,Saint-Priest,SAINT-PRIEST,54,0,0,0,54
20261210,87581793,Alouette France,PESSAC,54,0,0,0,54
20261210,87582619,Gujan Mestras,GUJAN-MESTRAS,54,0,0,0,54
20261210,87582635,La Hume,GUJAN-MESTRAS,54,0,0,0,54
20261210,87756767,La Trinité Victor,LA TRINITE,54,0,0,0,54
20261210,87387001,Evreux Normandie,EVREUX,53,0,0,0,53
20261210,87582742,Cérons,CERONS,53,0,0,0,53
20261210,87486019,La Roche sur Yon,LA ROCHE-SUR-YON,41,8,4,0,53
20261210,87722678,Le Péage de Roussillon,LE PEAGE-DE-ROUSSILLON,53,0,0,0,53
20261210,87214114,Kogenheim,KOGENHEIM,53,0,0,0,53
20261210,87582700,Beautiran,BEAUTIRAN,53,0,0,0,53
20261210,87214106,Ebersheim,EBERSHEIM,53,0,0,0,53
20261210,87481705,Saint-Nazaire,SAINT-NAZAIRE,45,0,8,0,53
20261210,87746149,Rumilly,RUMILLY,53,0,0,0,53
20261210,87713313,Genlis,GENLIS,53,0,0,0,53
20261210,87721324,Anse,ANSE,53,0,0,0,53
20261210,87175257,Commercy,COMMERCY,31,0,22,0,53
20261210,87184523,Montbéliard,MONTBELIARD,52,0,0,0,52
20261210,87761106,Saint-Rambert d'Albon,SAINT-RAMBERT-D'ALBON,52,0,0,0,52
20261210,87212274,Limersheim,HIPSHEIM,52,0,0,0,52
20261210,87184507,Héricourt,HERICOURT,52,0,0,0,52
20261210,87411173,Elbeuf Saint-Aubin,SAINT-AUBIN-LES-ELBEUF,52,0,0,0,52
20261210,87192666,Conflans Jarny,JARNY,52,0,0,0,52
20261210,87761130,Saint-Vallier sur Rhône,SAINT-VALLIER,51,0,0,0,51
20261210,87175778,Verdun,VERDUN,29,0,22,0,51
20261210,87726711,Le Chambon Feugerolles,LE CHAMBON-FEUGEROLLES,51,0,0,0,51
20261210,87313304,Clermont de l'Oise,CLERMONT,51,0,0,0,51
20261210,87172270,Rethel,RETHEL,47,0,4,0,51
20261210,87757724,Grasse,GRASSE,51,0,0,0,51
20261210,87757757,Le Bosquet,CANNES,51,0,0,0,51
20261210,87757740,La Frayère,CANNES,51,0,0,0,51
20261210,87212241,Graffenstaden,GEISPOLSHEIM,51,0,0,0,51
20261210,87401323,Mouans Sartoux,MOUANS-SARTOUX,51,0,0,0,51
20261210,87313270,Saint-Just en Chaussée,SAINT-JUST-EN-CHAUSSEE,51,0,0,0,51
20261210,87757732,Ranguin,MOUGINS,51,0,0,0,51
20261210,87726174,Saint-Etienne le Clapier,SAINT-ETIENNE,51,0,0,0,51
20261210,87611095,Boussens,BOUSSENS,51,0,0,0,51
20261210,87611939,Lardenne,TOULOUSE,51,0,0,0,51
20261210,87726703,La Ricamarie,LA RICAMARIE,51,0,0,0,51
20261210,87584516,Coutras,COUTRAS,50,0,0,0,50
20261210,87281436,Watten-Eperlecques,EPERLECQUES,50,0,0,0,50
20261210,87590364,La Chapelle Aulnay,LA CHAPELLE-SUR-ERDRE,50,0,0,0,50
20261210,87476317,Quimperlé,QUIMPERLE,44,0,6,0,50
20261210,87481564,La Chapelle Centre,LA CHAPELLE-SUR-ERDRE,50,0,0,0,50
20261210,87741223,Saint-Pierre d'Albigny,SAINT-PIERRE-D'ALBIGNY,50,0,0,0,50
20261210,87590331,La Haluchère,NANTES,50,0,0,0,50
20261210,87590349,La Babinière,LA CHAPELLE-SUR-ERDRE,50,0,0,0,50
20261210,87313056,Corbie,CORBIE,50,0,0,0,50
20261210,87746479,Saint-Gervais les Bains Le Fayet,SAINT-GERVAIS-LES-BAINS,50,0,0,0,50
20261210,87481598,Nort sur Erdre,NORT-SUR-ERDRE,50,0,0,0,50
20261210,87722652,Saint-Clair les Roches,SAINT-CLAIR-DU-RHONE,50,0,0,0,50
20261210,87595298,Mussidan,MUSSIDAN,50,0,0,0,50
20261210,87590828,Sucé sur Erdre,SUCE-SUR-ERDRE,50,0,0,0,50
20261210,87281428,Audruicq,AUDRUICQ,50,0,0,0,50
20261210,87214692,Schirmeck la Broque,SCHIRMECK,50,0,0,0,50
20261210,87761650,Romans Bourg de Peage,ROMANS-SUR-ISERE,50,0,0,0,50
20261210,87590356,Erdre Active,LA CHAPELLE-SUR-ERDRE,50,0,0,0,50
20261210,87474155,Rosporden,ROSPORDEN,44,0,6,0,50
20261210,87481424,Le Pallet,LE PALLET,49,0,0,0,49
20261210,87481416,La Haie Fouassière,LA HAIE-FOUASSIERE,49,0,0,0,49
20261210,87354589,Saint-Sébastien Pas Enchantés,SAINT-SEBASTIEN-SUR-LOIRE,49,0,0,0,49
20261210,87481408,Vertou,VERTOU,49,0,0,0,49
20261210,87354597,Saint-Sébastien Frêne Rond,SAINT-SEBASTIEN-SUR-LOIRE,49,0,0,0,49
20261210,87481432,Gorges,GORGES,49,0,0,0,49
20261210,87741439,Lepin le Lac la Bauche,LEPIN-LE-LAC,49,0,0,0,49
20261210,87741470,Pont de Beauvoisin,LE PONT-DE-BEAUVOISIN,49,0,0,0,49
20261210,87721472,Tarare,TARARE,49,0,0,0,49
20261210,87142000,Chaumont,CHAUMONT,49,0,0,0,49
20261210,87393702,Massy TGV,MASSY,0,0,48,0,48
20261210,87611152,Montréjeau-Gourdan Polignan,GOURDAN-POLIGNAN,46,2,0,0,48
20261210,87753657,Arles,ARLES,42,3,3,0,48
20261210,87182089,Habsheim,HABSHEIM,48,0,0,0,48
20261210,87213785,Ingwiller,INGWILLER,48,0,0,0,48
20261210,87141119,Dombasle sur Meurthe,DOMBASLE-SUR-MEURTHE,48,0,0,0,48
20261210,87215459,Sarre Union,SARRE-UNION,48,0,0,0,48
20261210,87491209,Saint-Mariens-Saint-Yzan,SAINT-YZAN-DE-SOUDIAC,48,0,0,0,48
20261210,87276329,Pont Sainte-Maxence,PONT-SAINTE-MAXENCE,48,0,0,0,48
20261210,87343210,Le Poirier Université,TRITH-SAINT-LEGER,48,0,0,0,48
20261210,87683573,Auxerre Saint-Gervais,AUXERRE,48,0,0,0,48
20261210,87595249,Saint-Astier,SAINT-ASTIER,48,0,0,0,48
20261210,87746115,Albens,ENTRELACS,48,0,0,0,48
20261210,87757526,Saint-Raphaël Valescure,SAINT-RAPHAEL,32,2,14,0,48
20261210,87394296,Nogent le Rotrou,NOGENT-LE-ROTROU,47,0,0,0,47
20261210,87677120,Saint-Jean de Luz Ciboure,SAINT-JEAN-DE-LUZ,35,2,10,0,47
20261210,87723759,Villars les Dombes,VILLARS-LES-DOMBES,47,0,0,0,47
20261210,87746438,Sallanches Combloux Megève,SALLANCHES,47,0,0,0,47
20261210,87615310,Lisle sur Tarn,LISLE-SUR-TARN,47,0,0,0,47
20261210,87718833,Mouchard,MOUCHARD,45,0,2,0,47
20261210,87171462,Bazancourt,BAZANCOURT,47,0,0,0,47
20261210,87484337,La Possonnière,LA POSSONNIERE,47,0,0,0,47
20261210,87746370,Cluses,CLUSES,47,0,0,0,47
20261210,87677005,Hendaye,HENDAYE,35,2,10,0,47
20261210,87694687,Paray le Monial,PARAY-LE-MONIAL,47,0,0,0,47
20261210,87673103,Morcenx,MORCENX-LA-NOUVELLE,47,0,0,0,47
20261210,87747246,Rives,RIVES,47,0,0,0,47
20261210,87673400,Biarritz,BIARRITZ,35,2,10,0,47
20261210,87191106,Maizières les Metz,MAIZIERES-LES-METZ,47,0,0,0,47
20261210,87192088,Woippy,WOIPPY,47,0,0,0,47
20261210,87615252,Gaillac,GAILLAC,47,0,0,0,47
20261210,87485300,NIORT,NIORT,33,0,14,0,47
20261210,87694141,Etang,ETANG-SUR-ARROUX,47,0,0,0,47
20261210,87471185,Messac-Guipry,GUIPRY-MESSAC,46,0,0,0,46
20261210,87286419,Wavrin,WAVRIN,46,0,0,0,46
20261210,87182071,Rixheim,RIXHEIM,46,0,0,0,46
20261210,87118000,Troyes,TROYES,46,0,0,0,46
20261210,87471078,Montfort sur Meu,MONTFORT-SUR-MEU,46,0,0,0,46
20261210,87747337,Voreppe,VOREPPE,46,0,0,0,46
20261210,87747279,Reaumont Saint-Cassien,REAUMONT,46,0,0,0,46
20261210,87286096,Haubourdin,HAUBOURDIN,46,0,0,0,46
20261210,87182105,Sierentz,SIERENTZ,46,0,0,0,46
20261210,87181016,Saint-Louis la Chaussée,SAINT-LOUIS,46,0,0,0,46
20261210,87286112,Loos lez Lille,LOOS,46,0,0,0,46
20261210,87574343,Amboise,AMBOISE,46,0,0,0,46
20261210,87345314,Somain,SOMAIN,46,0,0,0,46
20261210,87287250,Lille Porte de Douai,LILLE,46,0,0,0,46
20261210,87746339,Bonneville,BONNEVILLE,46,0,0,0,46
20261210,87484303,Cholet,CHOLET,46,0,0,0,46
20261210,87192070,Metz Nord,METZ,46,0,0,0,46
20261210,87182113,Bartenheim,BARTENHEIM,46,0,0,0,46
20261210,87182238,Altkirch,ALTKIRCH,46,0,0,0,46
20261210,87745646,Thonon les Bains,THONON-LES-BAINS,46,0,0,0,46
20261210,87473108,Lamballe,LAMBALLE-ARMOR,40,0,6,0,46
20261210,87286401,Santes,SANTES,46,0,0,0,46
20261210,87215665,Diemeringen,DIEMERINGEN,46,0,0,0,46
20261210,87214270,Goxwiller,GOXWILLER,45,0,0,0,45
20261210,87745596,Bons en Chablais,BONS-EN-CHABLAIS,45,0,0,0,45
20261210,87281105,Bergues,BERGUES,45,0,0,0,45
20261210,87765735,Carpentras,CARPENTRAS,45,0,0,0,45
20261210,87317057,Rang du Fliers Verton,RANG-DU-FLIERS,42,0,3,0,45
20261210,87214254,Gertwiller,GERTWILLER,45,0,0,0,45
20261210,87444299,Bernay,BERNAY,45,0,0,0,45
20261210,87574319,Onzain,VEUZAIN-SUR-LOIRE,45,0,0,0,45
20261210,87722264,Vernaison,VERNAISON,45,0,0,0,45
20261210,87214726,Rothau,ROTHAU,45,0,0,0,45
20261210,87411256,Malaunay le Houlme,LE HOULME,45,0,0,0,45
20261210,87491241,Saint-André de Cubzac,SAINT-ANDRE-DE-CUBZAC,45,0,0,0,45
20261210,87212167,Hochfelden,HOCHFELDEN,45,0,0,0,45
20261210,87471086,Montauban de Bretagne,MONTAUBAN-DE-BRETAGNE,45,0,0,0,45
20261210,87345306,Montigny en Ostrevent,MONTIGNY-EN-OSTREVENT,45,0,0,0,45
20261210,87144154,Bruyeres,BRUYERES,45,0,0,0,45
20261210,87212183,Dettwiller,DETTWILLER,45,0,0,0,45
20261210,87345264,Pont à Vendin,PONT-A-VENDIN,45,0,0,0,45
20261210,87671008,Tarbes,TARBES,28,10,7,0,45
20261210,87722298,Grigny le Sablon,GRIGNY-SUR-RHONE,45,0,0,0,45
20261210,87722439,Givors Canal,GIVORS,45,0,0,0,45
20261210,87411249,Maromme,NOTRE-DAME-DE-BONDEVILLE,45,0,0,0,45
20261210,87345280,Bauvin Provin,BAUVIN,45,0,0,0,45
20261210,87722249,Irigny Yvours,IRIGNY,45,0,0,0,45
20261210,87765826,Entraigues-sur-la-Sorgue,ENTRAIGUES-SUR-LA-SORGUE,45,0,0,0,45
20261210,87765818,Monteux,MONTEUX,45,0,0,0,45
20261210,87722207,Oullins,OULLINS-PIERRE-BENITE,45,0,0,0,45
20261210,87672253,Orthez,ORTHEZ,31,8,6,0,45
20261210,87192286,Morhange,MORHANGE,45,0,0,0,45
20261210,87476259,Hennebont,HENNEBONT,45,0,0,0,45
20261210,87212209,Steinbourg,STEINBOURG,45,0,0,0,45
20261210,87281139,Cassel,BAVINCHOVE,45,0,0,0,45
20261210,87738096,Le Bouscat - Saint-Germaine,LE BOUSCAT,44,0,0,0,44
20261210,87581199,Macau,MACAU,44,0,0,0,44
20261210,87581538,Cauderan-Mérignac,BORDEAUX,44,0,0,0,44
20261210,87411272,Pavilly Station,PAVILLY,44,0,0,0,44
20261210,87353599,Saint-Martin du Touch,TOULOUSE,44,0,0,0,44
20261210,87212159,Schwindratzheim,SCHWINDRATZHEIM,44,0,0,0,44
20261210,87182394,Munster,MUNSTER,44,0,0,0,44
20261210,87353573,Le TOEC,TOULOUSE,44,0,0,0,44
20261210,87278259,Mérignac Arlac,MERIGNAC,44,0,0,0,44
20261210,87281113,Esquelbecq,ESQUELBECQ,44,0,0,0,44
20261210,87471524,Châteaubourg,CHATEAUBOURG,44,0,0,0,44
20261210,87281121,Arnèke,ARNEKE,44,0,0,0,44
20261210,87581181,Ludon,LUDON-MEDOC,44,0,0,0,44
20261210,87485144,Rochefort,ROCHEFORT,36,8,0,0,44
20261210,87734160,Le Cendre Orcet,LE CENDRE,44,0,0,0,44
20261210,87214635,Urmatt,URMATT,44,0,0,0,44
20261210,87722231,Pierre Benite,OULLINS-PIERRE-BENITE,44,0,0,0,44
20261210,87581710,Parempuyre,PAREMPUYRE,44,0,0,0,44
20261210,87581736,Bruges (Gironde),BRUGES,44,0,0,0,44
20261210,87212175,Wilwisheim,WILWISHEIM,44,0,0,0,44
20261210,87411264,Barentin Embranchement,BARENTIN,44,0,0,0,44
20261210,87734178,Les Martres de Veyre,LES MARTRES-DE-VEYRE,44,0,0,0,44
20261210,87353581,Les Ramassiers,TOULOUSE,44,0,0,0,44
20261210,87745679,Evian les Bains,EVIAN-LES-BAINS,44,0,0,0,44
20261210,87581728,Blanquefort,BLANQUEFORT,44,0,0,0,44
20261210,87734152,Sarliève Cournon,COURNON-D'AUVERGNE,44,0,0,0,44
20261210,87345223,Leforest,LEFOREST,43,0,0,0,43
20261210,87575142,Châtellerault,CHATELLERAULT,33,0,10,0,43
20261210,87286534,Ronchin,RONCHIN,43,0,0,0,43
20261210,87723387,Saint-Quentin Fallavier,SAINT-QUENTIN-FALLAVIER,43,0,0,0,43
20261210,87761239,L'Isle d'Abeau,L'ISLE-D'ABEAU,43,0,0,0,43
20261210,87723734,Saint-André de Corcy,SAINT-ANDRE-DE-CORCY,43,0,0,0,43
20261210,87745620,Perrignier,PERRIGNIER,43,0,0,0,43
20261210,87745588,Machilly,MACHILLY,43,0,0,0,43
20261210,87193664,Kalhausen,KALHAUSEN,43,0,0,0,43
20261210,87741074,Culoz,CULOZ-BEON,43,0,0,0,43
20261210,87342337,Saint-Pol sur Ternoise,SAINT-POL-SUR-TERNOISE,43,0,0,0,43
20261210,87746206,Pringy Haute Savoie,ANNECY,43,0,0,0,43
20261210,87734251,Arvant,BOURNONCLE-SAINT-PIERRE,41,2,0,0,43
20261210,87175000,Saint-Dizier,SAINT-DIZIER,43,0,0,0,43
20261210,87723700,Sathonay-Rillieux,SATHONAY-CAMP,43,0,0,0,43
20261210,87286526,Wattignies-Templemars,TEMPLEMARS,43,0,0,0,43
20261210,87286500,Phalempin,PHALEMPIN,43,0,0,0,43
20261210,87471540,Noyal - Acigné,NOYAL-SUR-VILAINE,43,0,0,0,43
20261210,87471532,Servon-sur-Vilaine,SERVON-SUR-VILAINE,43,0,0,0,43
20261210,87723585,Meximieux-Pérouges,MEXIMIEUX,43,0,0,0,43
20261210,87334490,Cesson-Sévigné,CESSON-SEVIGNE,43,0,0,0,43
20261210,87345207,Pont de la Deûle,FLERS-EN-ESCREBIEUX,43,0,0,0,43
20261210,87723320,Vénissieux,VENISSIEUX,43,0,0,0,43
20261210,87478107,Saint-Malo,SAINT-MALO,36,0,6,0,42
20261210,87751701,Saint-Marcel,MARSEILLE,42,0,0,0,42
20261210,87722710,Chaponost,CHAPONOST,42,0,0,0,42
20261210,87296244,Busigny,BUSIGNY,42,0,0,0,42
20261210,87635581,La Barasse,MARSEILLE,42,0,0,0,42
20261210,87751743,La Penne sur Huveaune,LA PENNE-SUR-HUVEAUNE,42,0,0,0,42
20261210,87764001,Montélimar,MONTELIMAR,38,0,4,0,42
20261210,87734699,Le Puy en Velay,LE PUY-EN-VELAY,42,0,0,0,42
20261210,87722702,Francheville,FRANCHEVILLE,42,0,0,0,42
20261210,87723452,Cessieu,CESSIEU,42,0,0,0,42
20261210,87597005,Châteauroux,CHATEAUROUX,23,19,0,0,42
20261210,87765107,Orange,ORANGE,38,0,4,0,42
20261210,87715136,Frasne,FRASNE,36,0,6,0,42
20261210,87722744,Alai,TASSIN-LA-DEMI-LUNE,42,0,0,0,42
20261210,87193821,Bitche,BITCHE,42,0,0,0,42
20261210,87755629,Hyères,HYERES,40,0,2,0,42
20261210,87338517,Hoenheim-Tram,HOENHEIM,42,0,0,0,42
20261210,87753681,Saint-Martin de Crau,SAINT-MARTIN-DE-CRAU,42,0,0,0,42
20261210,87476671,Questembert,QUESTEMBERT,42,0,0,0,42
20261210,87722728,Brignais,BRIGNAIS,42,0,0,0,42
20261210,87725622,Tournus,TOURNUS,42,0,0,0,42
20261210,87212340,Herrlisheim,HERRLISHEIM,42,0,0,0,42
20261210,87182709,Bollwiller,BOLLWILLER,42,0,0,0,42
20261210,87751719,La Pomme,MARSEILLE,42,0,0,0,42
20261210,87615369,Montastruc la Conseillère,MONTASTRUC-LA-CONSEILLERE,42,0,0,0,42
20261210,87182337,Rouffach,ROUFFACH,42,0,0,0,42
20261210,87584714,Vayres,VAYRES,41,0,0,0,41
20261210,87584722,Saint-Sulpice Izon,SAINT-SULPICE-ET-CAMEYRAC,41,0,0,0,41
20261210,87723783,Saint-Paul de Varax,SAINT-PAUL-DE-VARAX,41,0,0,0,41
20261210,87313759,Abancourt,ABANCOURT,41,0,0,0,41
20261210,87721290,Quincieux,QUINCIEUX,41,0,0,0,41
20261210,87725473,Boulazac,BOULAZAC ISLE MANOIRE,41,0,0,0,41
20261210,87722561,Chasse sur Rhône,CHASSE-SUR-RHONE,41,0,0,0,41
20261210,87584730,Saint-Loubes,SAINT-LOUBES,41,0,0,0,41
20261210,87481812,Saint-Etienne de Montluc,SAINT-ETIENNE-DE-MONTLUC,41,0,0,0,41
20261210,87174409,Mourmelon le Petit,MOURMELON-LE-PETIT,41,0,0,0,41
20261210,87584755,La Gorp,AMBARES-ET-LAGRAVE,41,0,0,0,41
20261210,87581850,Bassens,BASSENS,41,0,0,0,41
20261210,87141069,Liverdun,LIVERDUN,41,0,0,0,41
20261210,87287151,Nieppe,NIEPPE,41,0,0,0,41
20261210,87286161,Steenwerck,BAILLEUL,41,0,0,0,41
20261210,87174276,Vitry le François,VITRY-LE-FRANCOIS,39,0,2,0,41
20261210,87214585,Mutzig,MUTZIG,40,0,0,0,40
20261210,87746107,Gresy sur Aix,GRESY-SUR-AIX,40,0,0,0,40
20261210,87184622,Clerval,PAYS-DE-CLERVAL,40,0,0,0,40
20261210,87214676,Wisches,WISCHES,40,0,0,0,40
20261210,87765354,Tarascon sur Rhône,TARASCON,40,0,0,0,40
20261210,87286203,Strazeele,STRAZEELE,40,0,0,0,40
20261210,87755611,La Crau,LA CRAU,40,0,0,0,40
20261210,87182618,Wesserling,FELLERING,40,0,0,0,40
20261210,87746412,Magland,MAGLAND,40,0,0,0,40
20261210,87171595,Rilly la Montagne,RILLY-LA-MONTAGNE,40,0,0,0,40
20261210,87286278,Pérenchies,PERENCHIES,40,0,0,0,40
20261210,87172239,Donchery,DONCHERY,40,0,0,0,40
20261210,87184572,L'Isle sur le Doubs,L'ISLE-SUR-LE-DOUBS,40,0,0,0,40
20261210,87286195,Saint-André Nord,SAINT-ANDRE-LEZ-LILLE,40,0,0,0,40
20261210,87574194,Mer (Loir-et-Cher),MER,40,0,0,0,40
20261210,87415604,Vernon,VERNON,40,0,0,0,40
20261210,87775288,Alès,ALES,40,0,0,0,40
20261210,87172213,Nouvion sur Meuse,NOUVION-SUR-MEUSE,40,0,0,0,40
20261210,87595512,Niversac,BOULAZAC ISLE MANOIRE,40,0,0,0,40
20261210,87214593,Gresswiller,GRESSWILLER,40,0,0,0,40
20261210,87214650,Lutzelhouse,MUHLBACH-SUR-BRUCHE,40,0,0,0,40
20261210,87574160,Beaugency,BEAUGENCY,40,0,0,0,40
20261210,87574137,Meung sur Loire,MEUNG-SUR-LOIRE,40,0,0,0,40
20261210,87611079,Cazères sur Garonne,CAZERES,40,0,0,0,40
20261210,87718841,Arc-et-Senans,ARC-ET-SENANS,40,0,0,0,40
20261210,87286187,La Madeleine Nord,LA MADELEINE,40,0,0,0,40
20261210,87171561,Ay,AY-CHAMPAGNE,40,0,0,0,40
20261210,87141523,Pont Saint-Vincent,PONT-SAINT-VINCENT,40,0,0,0,40
20261210,87611061,Carbonne,CARBONNE,40,0,0,0,40
20261210,87718460,Baume les Dames,BAUME-LES-DAMES,40,0,0,0,40
20261210,87732206,Saint-Germain des Fossés,SAINT-GERMAIN-DES-FOSSES,34,6,0,0,40
20261210,87611343,Pamiers,PAMIERS,40,0,0,0,40
20261210,87171579,Avenay,AVENAY-VAL-D'OR,40,0,0,0,40
20261210,87142109,Lorraine TGV,LOUVIGNY,0,0,40,0,40
20261210,87611368,Saverdun,SAVERDUN,39,0,0,0,39
20261210,87182253,Dannemarie,DANNEMARIE,39,0,0,0,39
20261210,87613422,Rodez,RODEZ,37,2,0,0,39
20261210,87721225,Collonges Fontaines,COLLONGES-AU-MONT-D'OR,39,0,0,0,39
20261210,87746347,Marignier,MARIGNIER,39,0,0,0,39
20261210,87184275,Montreux Vieux,MONTREUX-VIEUX,39,0,0,0,39
20261210,87723742,Saint Marcel en Dombes,SAINT-MARCEL,39,0,0,0,39
20261210,87342139,Noeux,NOEUX-LES-MINES,39,0,0,0,39
20261210,87192401,Ars sur Moselle,ARS-SUR-MOSELLE,39,0,0,0,39
20261210,87723569,Montluel,MONTLUEL,39,0,0,0,39
20261210,87141473,Houdemont,HOUDEMONT,39,0,0,0,39
20261210,87611384,Auterive,AUTERIVE,39,0,0,0,39
20261210,87728501,Saint-Fons,SAINT-FONS,39,0,0,0,39
20261210,87722579,Estressin,VIENNE,39,0,0,0,39
20261210,87775361,Saint-Geniès de Malgoires,SAINT-GENIES-DE-MALGOIRES,39,0,0,0,39
20261210,87746313,Saint-Pierre en Faucigny,SAINT-PIERRE-EN-FAUCIGNY,39,0,0,0,39
20261210,87342238,Lillers,LILLERS,39,0,0,0,39
20261210,87141481,Ludres,LUDRES,39,0,0,0,39
20261210,87296616,Chauny,CHAUNY,39,0,0,0,39
20261210,87611616,Foix,FOIX,39,0,0,0,39
20261210,87276782,Noyon,NOYON,39,0,0,0,39
20261210,87342279,Isbergues,ISBERGUES,39,0,0,0,39
20261210,87141499,Messein,MESSEIN,39,0,0,0,39
20261210,87342105,Bully Grenay,BULLY-LES-MINES,39,0,0,0,39
20261210,87721241,Couzon au Mont d'Or,COUZON-AU-MONT-D'OR,39,0,0,0,39
20261210,87212332,Gambsheim,GAMBSHEIM,39,0,0,0,39
20261210,87281071,Calais-Fréthun,FRETHUN,29,0,10,0,39
20261210,87141507,Neuves Maisons,NEUVES-MAISONS,39,0,0,0,39
20261210,87722538,Feyzin,FEYZIN,39,0,0,0,39
20261210,87481804,Couëron,COUERON,39,0,0,0,39
20261210,87141788,Pompey,POMPEY,39,0,0,0,39
20261210,87212407,Roeschwoog,ROESCHWOOG,39,0,0,0,39
20261210,87141812,Dieulouard,DIEULOUARD,39,0,0,0,39
20261210,87444711,Alençon,ALENCON,39,0,0,0,39
20261210,87214684,Russ-Hersbach,WISCHES,39,0,0,0,39
20261210,87192427,Noveant,NOVEANT-SUR-MOSELLE,39,0,0,0,39
20261210,87764308,Pierrelatte,PIERRELATTE,39,0,0,0,39
20261210,87481184,Oudon,OUDON,38,0,0,0,38
20261210,87612002,Labège Innopole,LABEGE,38,0,0,0,38
20261210,87611723,Baziège,BAZIEGE,38,0,0,0,38
20261210,87481168,Le Cellier,LE CELLIER,38,0,0,0,38
20261210,87723726,Mionnay,MIONNAY,38,0,0,0,38
20261210,87747477,Goncelin,GONCELIN,38,0,0,0,38
20261210,87611327,Varilhes,VARILHES,38,0,0,0,38
20261210,87747451,Brignoud,VILLARD-BONNOT,38,0,0,0,38
20261210,87615013,Villefranche de Lauragais,VILLEFRANCHE-DE-LAURAGAIS,38,0,0,0,38
20261210,87615039,Castelnaudary,CASTELNAUDARY,38,0,0,0,38
20261210,87212308,Bischheim,SCHILTIGHEIM,38,0,0,0,38
20261210,87612010,Montaudran,TOULOUSE,38,0,0,0,38
20261210,87474338,Morlaix,MORLAIX,24,0,14,0,38
20261210,87182642,Kruth,KRUTH,38,0,0,0,38
20261210,87781088,Leucate la-Franqui,LEUCATE,38,0,0,0,38
20261210,87481150,Mauves sur Loire,MAUVES-SUR-LOIRE,38,0,0,0,38
20261210,87781062,Port la Nouvelle,PORT-LA-NOUVELLE,38,0,0,0,38
20261210,87784157,Salses,SALSES-LE-CHATEAU,38,0,0,0,38
20261210,87481143,Thouaré,THOUARE-SUR-LOIRE,38,0,0,0,38
20261210,87611350,Vernet d'Ariège,LE VERNET,38,0,0,0,38
20261210,87713115,Les Laumes Alésia,VENAREY-LES-LAUMES,38,0,0,0,38
20261210,87734244,Brassac les Mines Sainte-Florine,BRASSAC-LES-MINES,36,2,0,0,38
20261210,87764357,Bollène la Croisière,BOLLENE,38,0,0,0,38
20261210,87417501,Lancey,VILLARD-BONNOT,38,0,0,0,38
20261210,87761247,Livron,LIVRON-SUR-DROME,38,0,0,0,38
20261210,87615054,Bram,BRAM,38,0,0,0,38
20261210,87723718,Les Echets,MIRIBEL,38,0,0,0,38
20261210,87784173,Rivesaltes,RIVESALTES,38,0,0,0,38
20261210,87313684,Saint-Sulpice Auteuil,SAINT-SULPICE,37,0,0,0,37
20261210,87324095,Futuroscope,CHASSENEUIL-DU-POITOU,33,0,4,0,37
20261210,87473181,Plouaret-Trégor,PLOUARET,33,0,4,0,37
20261210,87185249,Lure,LURE,37,0,0,0,37
20261210,87182204,Illfurth,ILLFURTH,37,0,0,0,37
20261210,87118190,Nogent sur Seine,NOGENT-SUR-SEINE,37,0,0,0,37
20261210,87118158,Romilly sur Seine,ROMILLY-SUR-SEINE,37,0,0,0,37
20261210,87586545,Marmande,MARMANDE,33,4,0,0,37
20261210,87741728,Moutiers Salins Brides les Bains,MOUTIERS,37,0,0,0,37
20261210,87276725,Chambly,CHAMBLY,37,0,0,0,37
20261210,87723791,Servas Lent,SERVAS,37,0,0,0,37
20261210,87313668,Meru,MERU,37,0,0,0,37
20261210,87182816,Metzeral,METZERAL,37,0,0,0,37
20261210,87747204,Virieu sur Bourbre,VAL-DE-VIRIEU,37,0,0,0,37
20261210,87747212,Chabons,CHABONS,37,0,0,0,37
20261210,87182584,Willer sur Thur,WILLER-SUR-THUR,37,0,0,0,37
20261210,87723577,La Valbonne,BELIGNEUX,37,0,0,0,37
20261210,87723767,Marlieux Chatillon,MARLIEUX,37,0,0,0,37
20261210,87611376,Cintegabelle,CINTEGABELLE,37,0,0,0,37
20261210,87747220,Le Grand Lemps,LE GRAND-LEMPS,37,0,0,0,37
20261210,87276717,Bornel-Belle Eglise,BORNEL,37,0,0,0,37
20261210,87746784,Chamonix-Mont-Blanc,CHAMONIX-MONT-BLANC,36,0,0,0,36
20261210,87723502,Crepieux la Pape,RILLIEUX-LA-PAPE,36,0,0,0,36
20261210,87723528,Miribel,MIRIBEL,36,0,0,0,36
20261210,87172262,Amagne-Lucquy,LUCQUY,36,0,0,0,36
20261210,87713529,Nuits Saint-Georges,NUITS-SAINT-GEORGES,36,0,0,0,36
20261210,87394254,La Loupe,LA LOUPE,36,0,0,0,36
20261210,87576116,Mehun sur Yèvre,MEHUN-SUR-YEVRE,36,0,0,0,36
20261210,87723536,Saint-Maurice de Beynost,SAINT-MAURICE-DE-BEYNOST,36,0,0,0,36
20261210,87485110,Châtelaillon,CHATELAILLON-PLAGE,36,0,0,0,36
20261210,87713503,Gevrey Chambertin,GEVREY-CHAMBERTIN,36,0,0,0,36
20261210,87182352,Turckheim,TURCKHEIM,36,0,0,0,36
20261210,87471037,Bruz,BRUZ,36,0,0,0,36
20261210,87415620,Gaillon-Aubevoye,LE VAL D'HAZEY,36,0,0,0,36
20261210,87415877,Val de Reuil,VAL-DE-REUIL,36,0,0,0,36
20261210,87611822,Brax Léguevin,BRAX,36,0,0,0,36
20261210,87394221,Courville sur Eure,COURVILLE-SUR-EURE,36,0,0,0,36
20261210,87182576,Bitschwiller,BITSCHWILLER-LES-THANN,36,0,0,0,36
20261210,87615112,Lézignan Corbières,LEZIGNAN-CORBIERES,36,0,0,0,36
20261210,87317016,Boulogne Tintelleries,BOULOGNE-SUR-MER,36,0,0,0,36
20261210,87317339,Marquise-Rinxent,RINXENT,36,0,0,0,36
20261210,87611137,Saint-Gaudens,SAINT-GAUDENS,32,4,0,0,36
20261210,87478057,Combourg,COMBOURG,36,0,0,0,36
20261210,87723544,Beynost,BEYNOST,36,0,0,0,36
20261210,87611806,L'Isle Jourdain,L'ISLE-JOURDAIN,36,0,0,0,36
20261210,87611830,Pibrac,PIBRAC,35,0,0,0,35
20261210,87726208,Veauche-Saint-Galmier,VEAUCHE,35,0,0,0,35
20261210,87726877,Feurs,FEURS,35,0,0,0,35
20261210,87713511,Vougeot Gilly les Citeaux,GILLY-LES-CITEAUX,35,0,0,0,35
20261210,87574475,Bléré la Croix,LA CROIX-EN-TOURAINE,35,0,0,0,35
20261210,87182600,Saint-Amarin,SAINT-AMARIN,35,0,0,0,35
20261210,87673277,Saint-Vincent de Tyrosse,SAINT-VINCENT-DE-TYROSSE,35,0,0,0,35
20261210,87394155,Jouy,JOUY,35,0,0,0,35
20261210,87172171,Poix Terron,POIX-TERRON,35,0,0,0,35
20261210,87615328,Rabastens Coufouleux,COUFOULEUX,35,0,0,0,35
20261210,87444539,Argentan,ARGENTAN,35,0,0,0,35
20261210,87142125,Culmont-Chalindrey,CULMONT,31,4,0,0,35
20261210,87726885,Montrond les Bains,MONTROND-LES-BAINS,35,0,0,0,35
20261210,87611921,Colomiers Lycée-nternational,COLOMIERS,35,0,0,0,35
20261210,87396325,La Ferté Bernard,LA FERTE-BERNARD,35,0,0,0,35
20261210,87615005,Albi,ALBI,35,0,0,0,35
20261210,87673459,Guéthary,GUETHARY,35,0,0,0,35
20261210,87742007,Modane,MODANE,29,0,6,0,35
20261210,87611707,Escalquens,ESCALQUENS,35,0,0,0,35
20261210,87394148,Saint-Piat,SAINT-PIAT,35,0,0,0,35
20261210,87677104,Les Deux-Jumeaux,HENDAYE,35,0,0,0,35
20261210,87394171,La Villette Saint-Prest,SAINT-PREST,35,0,0,0,35
20261210,87497461,Gallieni Canceropôle,TOULOUSE,35,0,0,0,35
20261210,87592378,La Souterraine,LA SOUTERRAINE,18,17,0,0,35
20261210,87175091,Joinville,JOINVILLE,35,0,0,0,35
20261210,87721035,Amplepuis,AMPLEPUIS,35,0,0,0,35
20261210,87313437,Villers Bretonneux,VILLERS-BRETONNEUX,35,0,0,0,35
20261210,87313494,Ham,MUILLE-VILLETTE,35,0,0,0,35
20261210,87286542,Tourcoing,TOURCOING,29,0,6,0,35
20261210,87212357,Drusenheim,DRUSENHEIM,34,0,0,0,34
20261210,87182717,Raedersheim,RAEDERSHEIM,34,0,0,0,34
20261210,87182378,Wihr au Val Soultzbach,WIHR-AU-VAL,34,0,0,0,34
20261210,87718544,Le Valdahon,VALDAHON,34,0,0,0,34
20261210,87212365,Sessenheim,SESSENHEIM,34,0,0,0,34
20261210,87481226,Sainte-Pazanne,SAINTE-PAZANNE,34,0,0,0,34
20261210,87481200,Bouaye,BOUAYE,34,0,0,0,34
20261210,87182345,Logelbach,WINTZENHEIM,34,0,0,0,34
20261210,87710731,Ecole Valentin,ECOLE-VALENTIN,34,0,0,0,34
20261210,87181222,Colmar-Saint-Joseph,COLMAR,34,0,0,0,34
20261210,87592345,Saint-Sulpice Laurière,SAINT-SULPICE-LAURIERE,34,0,0,0,34
20261210,87212373,Rountzenheim,ROUNTZENHEIM-AUENHEIM,34,0,0,0,34
20261210,87286872,Baisieux,BAISIEUX,34,0,0,0,34
20261210,87592311,Ambazac,AMBAZAC,34,0,0,0,34
20261210,87144451,Remiremont,REMIREMONT,30,0,4,0,34
20261210,87671339,Lourdes,LOURDES,16,10,8,0,34
20261210,87213421,Soultz sous Forets,SOULTZ-SOUS-FORETS,34,0,0,0,34
20261210,87182592,Moosch,MOOSCH,34,0,0,0,34
20261210,87576876,Gièvres,GIEVRES,34,0,0,0,34
20261210,87182725,Merxheim,MERXHEIM,34,0,0,0,34
20261210,87757617,Cannes La Bocca,CANNES,34,0,0,0,34
20261210,87481036,Rezé Pont Rousseau,REZE,34,0,0,0,34
20261210,87746743,Les Houches,LES HOUCHES,34,0,0,0,34
20261210,87611392,Vénerque le Vernet,VERNET,34,0,0,0,34
20261210,87763003,Gap,GAP,32,0,2,0,34
20261210,87172056,Monthermé,BOGNY-SUR-MEUSE,33,0,0,0,33
20261210,87144642,Etival Clairefontaine,ETIVAL-CLAIREFONTAINE,33,0,0,0,33
20261210,87726869,Balbigny,BALBIGNY,33,0,0,0,33
20261210,87734269,Brioude,BRIOUDE,33,0,0,0,33
20261210,87172023,Nouzonville,NOUZONVILLE,33,0,0,0,33
20261210,87396309,Connerre Beillé,BEILLE,33,0,0,0,33
20261210,87172064,Deville,DEVILLE,33,0,0,0,33
20261210,87182691,Staffelfelden,STAFFELFELDEN,33,0,0,0,33
20261210,87182733,Muhlbach sur Munster,MUHLBACH-SUR-MUNSTER,33,0,0,0,33
20261210,87584268,Bergerac,BERGERAC,33,0,0,0,33
20261210,87172080,Revin,REVIN,33,0,0,0,33
20261210,87742320,Saint-Jean de Maurienne Arvan,SAINT-JEAN-DE-MAURIENNE,31,0,2,0,33
20261210,87182659,Breitenbach,BREITENBACH-HAUT-RHIN,33,0,0,0,33
20261210,87212316,La Wantzenau,LA WANTZENAU,33,0,0,0,33
20261210,87172114,Vireux Molhain,VIREUX-MOLHAIN,33,0,0,0,33
20261210,87182543,Luttenbach près Munster,LUTTENBACH-PRES-MUNSTER,33,0,0,0,33
20261210,87271734,Villers Cotterêts,VILLERS-COTTERETS,33,0,0,0,33
20261210,87696484,Decize,DECIZE,33,0,0,0,33
20261210,87411801,Montville,ESLETTES,33,0,0,0,33
20261210,87144626,Raon l'Etape,RAON-L'ETAPE,33,0,0,0,33
20261210,87172130,Givet,GIVET,33,0,0,0,33
20261210,87718239,Lons Le Saunier,LONS-LE-SAUNIER,33,0,0,0,33
20261210,87271593,Crépy en Valois,CREPY-EN-VALOIS,33,0,0,0,33
20261210,87212324,Kilstett,KILSTETT,33,0,0,0,33
20261210,87172098,Fumay,FUMAY,33,0,0,0,33
20261210,87761726,Vinay,VINAY,33,0,0,0,33
20261210,87594499,Tulle,TULLE,33,0,0,0,33
20261210,87271817,Soissons,SOISSONS,33,0,0,0,33
20261210,87645002,Aurillac,AURILLAC,31,1,1,0,33
20261210,87696450,Imphy,IMPHY,33,0,0,0,33
20261210,87746719,Servoz,LES HOUCHES,33,0,0,0,33
20261210,87726216,Boutheon,ANDREZIEUX-BOUTHEON,33,0,0,0,33
20261210,87415018,Dieppe,DIEPPE,33,0,0,0,33
20261210,87481218,Port Saint-Père St-Mars,PORT-SAINT-PERE,33,0,0,0,33
20261210,87172106,Haybes,HAYBES,33,0,0,0,33
20261210,87713131,Montbard,MONTBARD,25,0,8,0,33
20261210,87286864,Ascq,VILLENEUVE-D'ASCQ,33,0,0,0,33
20261210,87746248,Groisy-Thorens la Caille,GROISY,33,0,0,0,33
20261210,87595322,Montpon Ménestérol,MONTPON-MENESTEROL,33,0,0,0,33
20261210,87172049,Bogny sur Meuse,BOGNY-SUR-MEUSE,33,0,0,0,33
20261210,87726851,Saint-Jodard,SAINT-JODARD,33,0,0,0,33
20261210,87741645,Albertville,ALBERTVILLE,33,0,0,0,33
20261210,87141416,Baccarat,BACCARAT,33,0,0,0,33
20261210,87296566,Anizy-Pinon,PINON,33,0,0,0,33
20261210,87411819,Clères,CLERES,33,0,0,0,33
20261210,87415158,Auffay,VAL-DE-SCIE,33,0,0,0,33
20261210,87584615,Saint-Seurin sur l'Isle,SAINT-SEURIN-SUR-L'ISLE,33,0,0,0,33
20261210,87543124,La Ferté Saint-Aubin,LA FERTE-SAINT-AUBIN,32,0,0,0,32
20261210,87592725,Nexon,NEXON,32,0,0,0,32
20261210,87584177,Vélines,VELINES,32,0,0,0,32
20261210,87747352,Saint-Egrève-Saint-Robert,SAINT-EGREVE,32,0,0,0,32
20261210,87184440,Delle,DELLE,32,0,0,0,32
20261210,87743872,Le Mans Hôpital-Université,LE MANS,32,0,0,0,32
20261210,87757583,Théoule sur Mer,THEOULE-SUR-MER,32,0,0,0,32
20261210,87746750,Taconnaz,LES HOUCHES,32,0,0,0,32
20261210,87700146,Danjoutin,DANJOUTIN,32,0,0,0,32
20261210,87213108,Schweighouse sur Moder (Bas-Rhin),SCHWEIGHOUSE-SUR-MODER,32,0,0,0,32
20261210,87485227,Surgères,SURGERES,20,0,12,0,32
20261210,87141127,Rosieres aux Salines,DOMBASLE-SUR-MEURTHE,32,0,0,0,32
20261210,87543140,Lamotte Beuvron,LAMOTTE-BEUVRON,32,0,0,0,32
20261210,87584136,Castillon,CASTILLON-LA-BATAILLE,32,0,0,0,32
20261210,87762906,Lyon Saint-Exupéry TGV,COLOMBIER-SAUGNIEU,0,0,32,0,32
20261210,87746768,Les Bossons,CHAMONIX-MONT-BLANC,32,0,0,0,32
20261210,87734426,Vertaizon,VERTAIZON,32,0,0,0,32
20261210,87182402,Ranspach,RANSPACH,32,0,0,0,32
20261210,87746818,Les Moussoux,CHAMONIX-MONT-BLANC,32,0,0,0,32
20261210,87757534,Boulouris sur Mer,SAINT-RAPHAEL,32,0,0,0,32
20261210,87543116,Saint-Cyr en Val la Source,SAINT-CYR-EN-VAL,32,0,0,0,32
20261210,87184424,Morvillars,MORVILLARS,32,0,0,0,32
20261210,87672279,Puyoô,PUYOO,32,0,0,0,32
20261210,87411280,Motteville,MOTTEVILLE,32,0,0,0,32
20261210,87411223,Sotteville,SOTTEVILLE-LES-ROUEN,32,0,0,0,32
20261210,87182329,Herrlisheim-près-Colmar,HERRLISHEIM-PRES-COLMAR,32,0,0,0,32
20261210,87213207,Mertzwiller,MERTZWILLER,32,0,0,0,32
20261210,87757500,Fréjus,FREJUS,32,0,0,0,32
20261210,87184432,Grandvillars,GRANDVILLARS,32,0,0,0,32
20261210,87486142,Belleville (Vendée),BELLEVIGNY,32,0,0,0,32
20261210,87486126,L'Herbergement les Brouzils,L'HERBERGEMENT,32,0,0,0,32
20261210,87444562,Surdon,LE CHATEAU-D'ALMENECHES,32,0,0,0,32
20261210,87757559,Agay,SAINT-RAPHAEL,32,0,0,0,32
20261210,87584607,Saint-Médard de Guizières,SAINT-MEDARD-DE-GUIZIERES,32,0,0,0,32
20261210,87747691,Moirans la Galifette,MOIRANS,32,0,0,0,32
20261210,87213223,Gundershoffen,GUNDERSHOFFEN,32,0,0,0,32
20261210,87700153,Joncherey,JONCHEREY,32,0,0,0,32
20261210,87584193,Sainte-Foy la Grande,SAINTE-FOY-LA-GRANDE,32,0,0,0,32
20261210,87746776,Les Pelerins,CHAMONIX-MONT-BLANC,32,0,0,0,32
20261210,87761742,Polienas,POLIENAS,32,0,0,0,32
20261210,87481465,Montaigu (Vendée),MONTAIGU-VENDEE,32,0,0,0,32
20261210,87584102,Saint-Emilion,SAINT-EMILION,32,0,0,0,32
20261210,87184408,Méroux,MEROUX-MOVAL,32,0,0,0,32
20261210,87641415,Commentry,COMMENTRY,32,0,0,0,32
20261210,87411215,Saint-Etienne du Rouvray,SAINT-ETIENNE-DU-ROUVRAY,32,0,0,0,32
20261210,87213249,Reichshoffen,REICHSHOFFEN,32,0,0,0,32
20261210,87721787,Bois d'Oingt Legny,LEGNY,32,0,0,0,32
20261210,87192419,Ancy sur Moselle,ANCY-DORNOT,32,0,0,0,32
20261210,87396606,Château du Loir,MONTVAL-SUR-LOIR,31,0,0,0,31
20261210,87721449,Dardilly le Jubin,DARDILLY,31,0,0,0,31
20261210,87462085,Chamonix-Aiguille du Midi,CHAMONIX-MONT-BLANC,31,0,0,0,31
20261210,87721480,Dardilly les Mouilles,ECULLY,31,0,0,0,31
20261210,87281402,Coudekerque Branche,COUDEKERQUE-BRANCHE,31,0,0,0,31
20261210,87746867,Montroc le Planet,CHAMONIX-MONT-BLANC,31,0,0,0,31
20261210,87313098,Ailly sur Somme,AILLY-SUR-SOMME,31,0,0,0,31
20261210,87741306,Saint-Avre la Chambre,SAINT-AVRE,31,0,0,0,31
20261210,87757542,Le Dramont,SAINT-RAPHAEL,31,0,0,0,31
20261210,87726414,Bonson,BONSON,31,0,0,0,31
20261210,87286732,Roubaix,ROUBAIX,29,0,2,0,31
20261210,87672212,Artix,ARTIX,31,0,0,0,31
20261210,87757591,Mandelieu la Napoule,MANDELIEU-LA-NAPOULE,31,0,0,0,31
20261210,87615195,Albi Madeleine,ALBI,31,0,0,0,31
20261210,87745430,Saint-Julien en Genevois,SAINT-JULIEN-EN-GENEVOIS,31,0,0,0,31
20261210,87296632,La Fère,LA FERE,31,0,0,0,31
20261210,87313122,Longpré les Corps Saints,LONGPRE-LES-CORPS-SAINTS,31,0,0,0,31
20261210,87746883,Le Buet,VALLORCINE,31,0,0,0,31
20261210,87761684,Saint-Hilaire-Saint-Nazaire,SAINT-HILAIRE-DU-ROSIER,31,0,0,0,31
20261210,87618116,Pins Justaret,PINS-JUSTARET,31,0,0,0,31
20261210,87571273,Montlouis,MONTLOUIS-SUR-LOIRE,31,0,0,0,31
20261210,87396564,Ecommoy,ECOMMOY,31,0,0,0,31
20261210,87757575,Le Trayas,SAINT-RAPHAEL,31,0,0,0,31
20261210,87726448,Montbrison,MONTBRISON,31,0,0,0,31
20261210,87215491,Keskastel,KESKASTEL,31,0,0,0,31
20261210,87746834,Les Tines,CHAMONIX-MONT-BLANC,31,0,0,0,31
20261210,87213744,Wingen sur Moder,WINGEN-SUR-MODER,31,0,0,0,31
20261210,87745414,Valleiry,VALLEIRY,31,0,0,0,31
20261210,87746859,Argentière (Haute-Savoie),CHAMONIX-MONT-BLANC,31,0,0,0,31
20261210,87615625,Carmaux,CARMAUX,31,0,0,0,31
20261210,87393348,Gazeran,GAZERAN,31,0,0,0,31
20261210,87746842,La Joux,CHAMONIX-MONT-BLANC,31,0,0,0,31
20261210,87734194,Parent Coudes Champeix,PARENT,31,0,0,0,31
20261210,87613091,Figeac,FIGEAC,28,2,1,0,31
20261210,87746826,Les Praz de Chamonix,CHAMONIX-MONT-BLANC,31,0,0,0,31
20261210,87713859,Is sur Tille,MARCILLY-SUR-TILLE,30,0,0,0,30
20261210,87474213,Kerhuon,LE RELECQ-KERHUON,30,0,0,0,30
20261210,87721753,Chatillon d'Azergues,CHATILLON,30,0,0,0,30
20261210,87746701,Chedde,PASSY,30,0,0,0,30
20261210,87491233,Aubie Saint-Antoine,VAL DE VIRVEE,30,0,0,0,30
20261210,87276204,Laigneville,LAIGNEVILLE,30,0,0,0,30
20261210,87295048,Fourmies,FOURMIES,30,0,0,0,30
20261210,87582866,La Réole,LA REOLE,30,0,0,0,30
20261210,87753509,Martigues,MARTIGUES,30,0,0,0,30
20261210,87757567,Anthéor Cap Roux,SAINT-RAPHAEL,30,0,0,0,30
20261210,87746727,Vaudagne,LES HOUCHES,30,0,0,0,30
20261210,87144436,Eloyes,ELOYES,30,0,0,0,30
20261210,87272096,Esches,ESCHES,30,0,0,0,30
20261210,87753418,Istres,ISTRES,30,0,0,0,30
20261210,87491274,La Grave-d'Ambarès,AMBARES-ET-LAGRAVE,30,0,0,0,30
20261210,87753582,Niolon,LE ROVE,30,0,0,0,30
20261210,87580340,Arenc Euroméditerranée,MARSEILLE,30,0,0,0,30
20261210,87753541,La Couronne-Carro,MARTIGUES,30,0,0,0,30
20261210,87474221,La Forest,LA FOREST-LANDERNEAU,30,0,0,0,30
20261210,87753574,La Redonne Ensues,ENSUES-LA-REDONNE,30,0,0,0,30
20261210,87144428,Pouxeux,POUXEUX,30,0,0,0,30
20261210,87276469,Persan-Beaumont,PERSAN,30,0,0,0,30
20261210,87276212,Liancourt-Rantigny,RANTIGNY,30,0,0,0,30
20261210,87753491,Croix-Sainte,MARTIGUES,30,0,0,0,30
20261210,87753459,Port de Bouc,PORT-DE-BOUC,30,0,0,0,30
20261210,87582734,Podensac,PODENSAC,30,0,0,0,30
20261210,87753558,Sausset les Pins,SAUSSET-LES-PINS,30,0,0,0,30
20261210,87313676,Laboissières le Déluge,LABOISSIERE-EN-THELLE,30,0,0,0,30
20261210,87582692,Saint-Médard d'Eyrans,SAINT-MEDARD-D'EYRANS,30,0,0,0,30
20261210,87746735,Viaduc sainte-Marie,LES HOUCHES,30,0,0,0,30
20261210,87726778,Bas Monistrol,BAS-EN-BASSET,30,0,0,0,30
20261210,87753566,Carry le Rouet,CARRY-LE-ROUET,30,0,0,0,30
20261210,87753442,Fos sur Mer,PORT-DE-BOUC,30,0,0,0,30
20261210,87721761,Chessy,CHESSY,30,0,0,0,30
20261210,87146217,Saint-Nabord,SAINT-NABORD,30,0,0,0,30
20261210,87775023,Beaucaire,BEAUCAIRE,30,0,0,0,30
20261210,87491266,Cubzac les Ponts,CUBZAC-LES-PONTS,30,0,0,0,30
20261210,87491225,Gauriaguet,GAURIAGUET,30,0,0,0,30
20261210,87753426,Rassuen,ISTRES,30,0,0,0,30
20261210,87491282,Sainte-Eulalie Carbon Blanc,SAINTE-EULALIE,30,0,0,0,30
20261210,87491217,Cavignac,CAVIGNAC,30,0,0,0,30
20261210,87582718,Portets,PORTETS,30,0,0,0,30
20261210,87295733,Avesnes,AVESNES-SUR-HELPE,30,0,0,0,30
20261210,87613000,Cahors,CAHORS,21,9,0,0,30
20261210,87683128,Champigny sur Yonne,CHAMPIGNY,29,0,0,0,29
20261210,87613109,Capdenac,CAPDENAC-GARE,27,2,0,0,29
20261210,87726430,Saint-Romain le Puy,SAINT-ROMAIN-LE-PUY,29,0,0,0,29
20261210,87726422,Sury le Comtal,SURY-LE-COMTAL,29,0,0,0,29
20261210,87387092,Bueil,BUEIL,29,0,0,0,29
20261210,87313882,TGV Haute-Picardie,ESTREES-DENIECOURT,0,0,29,0,29
20261210,87471458,Chevaigné,CHEVAIGNE,29,0,0,0,29
20261210,87471045,Betton,BETTON,29,0,0,0,29
20261210,87611087,Martres Tolosane,MARTRES-TOLOSANE,29,0,0,0,29
20261210,87683227,Saint-Julien du Sault,SAINT-JULIEN-DU-SAULT,29,0,0,0,29
20261210,87611681,Dieupentale,DIEUPENTALE,29,0,0,0,29
20261210,87313585,Hermes Berthecourt,BERTHECOURT,29,0,0,0,29
20261210,87683102,Villeneuve la Guyard,VILLENEUVE-LA-GUYARD,29,0,0,0,29
20261210,87481754,La Baule Escoublac,LA BAULE-ESCOUBLAC,23,0,6,0,29
20261210,87313577,Mouy Bury,BURY,29,0,0,0,29
20261210,87276618,Montataire,MONTATAIRE,29,0,0,0,29
20261210,87582551,Labouheyre,LABOUHEYRE,29,0,0,0,29
20261210,87611053,Longages-Noé,LONGAGES,29,0,0,0,29
20261210,87478024,Saint-Médard sur Ille,SAINT-MEDARD-SUR-ILLE,29,0,0,0,29
20261210,87300822,Belfort Montbéliard TGV,MEROUX-MOVAL,0,0,29,0,29
20261210,87763300,Veynes Devoluy,VEYNES,29,0,0,0,29
20261210,87582536,Ychoux,YCHOUX,29,0,0,0,29
20261210,87764290,Donzere,DONZERE,29,0,0,0,29
20261210,87611657,Saint-Jory,SAINT-JORY,29,0,0,0,29
20261210,87194274,Longuyon,LONGUYON,29,0,0,0,29
20261210,87611673,Grisolles,GRISOLLES,29,0,0,0,29
20261210,87175794,Etain,ETAIN,29,0,0,0,29
20261210,87313551,Cires lès Mello,CIRES-LES-MELLO,29,0,0,0,29
20261210,87594465,Aubazine Saint Hilaire,SAINT-HILAIRE-PEYROUX,29,0,0,0,29
20261210,87726760,Aurec,AUREC-SUR-LOIRE,29,0,0,0,29
20261210,87478016,Saint-Germain sur Ille,SAINT-GERMAIN-SUR-ILLE,29,0,0,0,29
20261210,87481788,Le Croisic,LE CROISIC,23,0,6,0,29
20261210,87594093,Ussel,USSEL,29,0,0,0,29
20261210,87611434,Lacourtensourt,TOULOUSE,29,0,0,0,29
20261210,87683219,Villeneuve sur Yonne,VILLENEUVE-SUR-YONNE,29,0,0,0,29
20261210,87381624,Bréval,BREVAL,29,0,0,0,29
20261210,87447003,Saint-Lô,SAINT-LO,29,0,0,0,29
20261210,87611699,Montbartier,MONTBARTIER,29,0,0,0,29
20261210,87611848,Montrabé,MONTRABE,29,0,0,0,29
20261210,87214213,Dambach la Ville,DAMBACH-LA-VILLE,29,0,0,0,29
20261210,87726406,Andrezieux,ANDREZIEUX-BOUTHEON,29,0,0,0,29
20261210,87683136,Pont sur Yonne,PONT-SUR-YONNE,29,0,0,0,29
20261210,87742361,Saint-Michel Valloire,SAINT-MICHEL-DE-MAURIENNE,29,0,0,0,29
20261210,87296434,Mennessis,MENNESSIS,29,0,0,0,29
20261210,87594481,Cornil,CORNIL,29,0,0,0,29
20261210,87734087,Pont du Château,PONT-DU-CHATEAU,28,0,0,0,28
20261210,87481051,Chantenay,NANTES,28,0,0,0,28
20261210,87718155,Arbois,ARBOIS,28,0,0,0,28
20261210,87215632,Oermingen,OERMINGEN,28,0,0,0,28
20261210,87734475,Thiers,THIERS,28,0,0,0,28
20261210,87345405,Sin-le-Noble,SIN-LE-NOBLE,28,0,0,0,28
20261210,87611046,Le Fauga,LE FAUGA,28,0,0,0,28
20261210,87295709,Sains du nord,SAINS-DU-NORD,28,0,0,0,28
20261210,87444877,Cherbourg,CHERBOURG-EN-COTENTIN,28,0,0,0,28
20261210,87611624,Saint-Jean de Verges,CRAMPAGNA,28,0,0,0,28
20261210,87447284,Valognes,VALOGNES,28,0,0,0,28
20261210,87214221,Epfig,EPFIG,28,0,0,0,28
20261210,87721860,Lamure sur Azergues,LAMURE-SUR-AZERGUES,28,0,0,0,28
20261210,87761262,Loriol,LORIOL-SUR-DROME,28,0,0,0,28
20261210,87182634,Oderen,ODEREN,28,0,0,0,28
20261210,87597120,Argenton sur Creuse,ARGENTON-SUR-CREUSE,21,7,0,0,28
20261210,87562421,Aulnat Aéroport,AULNAT,28,0,0,0,28
20261210,87214783,Saales,SAALES,28,0,0,0,28
20261210,87718189,Poligny,POLIGNY,28,0,0,0,28
20261210,87741793,Bourg Saint Maurice,BOURG-SAINT-MAURICE,28,0,0,0,28
20261210,87481069,La Basse Indre Saint-Herblain,SAINT-HERBLAIN,28,0,0,0,28
20261210,87413542,Fécamp,FECAMP,28,0,0,0,28
20261210,87471102,Breteil,BRETEIL,28,0,0,0,28
20261210,87182626,Fellering,FELLERING,28,0,0,0,28
20261210,87295055,Anor,ANOR,28,0,0,0,28
20261210,87478099,La Gouesnière-Cancale,SAINT-MELOIR-DES-ONDES,28,0,0,0,28
20261210,87481820,Cordemais,CORDEMAIS,28,0,0,0,28
20261210,87345421,Arleux,ARLEUX,28,0,0,0,28
20261210,87345447,Aubigny au Bac,AUBIGNY-AU-BAC,28,0,0,0,28
20261210,87396234,Sille le Guillaume,SILLE-LE-GUILLAUME,28,0,0,0,28
20261210,87478552,Evron,EVRON,28,0,0,0,28
20261210,87447243,Carentan,CARENTAN-LES-MARAIS,28,0,0,0,28
20261210,87345413,Cantin,CANTIN,28,0,0,0,28
20261210,87185009,Vesoul,VESOUL,28,0,0,0,28
20261210,87437806,Aytre Plage,AYTRE,27,0,0,0,27
20261210,87215079,Réding,REDING,27,0,0,0,27
20261210,87765438,Saint-Saturnin d'Avignon,SAINT-SATURNIN-LES-AVIGNON,27,0,0,0,27
20261210,87317404,Rue,RUE,27,0,0,0,27
20261210,87313247,Breteuil Embranchement,BACOUEL,27,0,0,0,27
20261210,87743757,Tenay-Hauteville,TENAY,27,0,0,0,27
20261210,87755371,Carnoules,CARNOULES,27,0,0,0,27
20261210,87765446,Gadagne,CHATEAUNEUF-DE-GADAGNE,27,0,0,0,27
20261210,87342048,Achiet,ACHIET-LE-GRAND,27,0,0,0,27
20261210,87485136,Saint-Laurent Fouras,SAINT-LAURENT-DE-LA-PREE,27,0,0,0,27
20261210,87159947,Ker Lann,BRUZ,27,0,0,0,27
20261210,87317396,Noyelles sur Mer,NOYELLES-SUR-MER,27,0,0,0,27
20261210,87215699,Tieffenbach-Struth,TIEFFENBACH,27,0,0,0,27
20261210,87765453,Le Thor,LE THOR,27,0,0,0,27
20261210,87765479,L'Isle sur Sorgue Fontaine de Vaucluse,L'ISLE-SUR-LA-SORGUE,27,0,0,0,27
20261210,87485102,Angoulins sur Mer,ANGOULINS,27,0,0,0,27
20261210,87471177,Pléchâtel,PLECHATEL,27,0,0,0,27
20261210,87753764,Salon,SALON-DE-PROVENCE,27,0,0,0,27
20261210,87486449,Les Sables d'Olonne,LES SABLES-D'OLONNE,23,0,4,0,27
20261210,87765420,Morières les Avignon,MORIERES-LES-AVIGNON,27,0,0,0,27
20261210,87447110,Coutances,COUTANCES,27,0,0,0,27
20261210,87471151,Guichen - Bourg-des-Comptes,GUICHEN,27,0,0,0,27
20261210,87765412,Montfavet,AVIGNON,27,0,0,0,27
20261210,87214742,Saint-Blaise Roche-Poutay,SAINT-BLAISE-LA-ROCHE,27,0,0,0,27
20261210,87144212,Mirecourt,MIRECOURT,27,0,0,0,27
20261210,87171587,Germaine,GERMAINE,27,0,0,0,27
20261210,87755330,Solliès Pont,SOLLIES-PONT,27,0,0,0,27
20261210,87753715,Sénas,SENAS,27,0,0,0,27
20261210,87753731,Lamanon,LAMANON,27,0,0,0,27
20261210,87696351,Varennes sur Allier,VARENNES-SUR-ALLIER,27,0,0,0,27
20261210,87345561,Caudry,CAUDRY,27,0,0,0,27
20261210,87214205,Scherwiller,SCHERWILLER,27,0,0,0,27
20261210,87141796,Marbache,MARBACHE,27,0,0,0,27
20261210,87765503,Cavaillon,CAVAILLON,27,0,0,0,27
20261210,87444315,Serquigny,SERQUIGNY,27,0,0,0,27
20261210,87471060,L'Hermitage - Mordelles,L'HERMITAGE,27,0,0,0,27
20261210,87214239,Eichhoffen,EICHHOFFEN,27,0,0,0,27
20261210,87295014,Jeumont,JEUMONT,27,0,0,0,27
20261210,87437798,La Rochelle Porte Dauphine,LA ROCHELLE,27,0,0,0,27
20261210,87755355,Cuers-Pierrefeu,CUERS,27,0,0,0,27
20261210,87313221,Ailly sur Noye,AILLY-SUR-NOYE,27,0,0,0,27
20261210,87688887,Montpellier Sud de France,MONTPELLIER,0,0,27,0,27
20261210,87755363,Puget,PUGET-VILLE,27,0,0,0,27
20261210,87193276,Hombourg Haut,HOMBOURG-HAUT,27,0,0,0,27
20261210,87753707,Orgon,ORGON,27,0,0,0,27
20261210,87732404,Gannat,GANNAT,27,0,0,0,27
20261210,87586693,Aiguillon,AIGUILLON,26,0,0,0,26
20261210,87683318,Saint-Florentin-Vergigny,VERGIGNY,26,0,0,0,26
20261210,87718502,Saône,SAONE,26,0,0,0,26
20261210,87718510,Mamirolle,MAMIROLLE,26,0,0,0,26
20261210,87144279,Vittel,VITTEL,26,0,0,0,26
20261210,87586107,Port Sainte-Marie,PORT-SAINTE-MARIE,26,0,0,0,26
20261210,87671016,Mont de Marsan,MONT-DE-MARSAN,26,0,0,0,26
20261210,87713677,Seurre,SEURRE,26,0,0,0,26
20261210,87595751,Le Buisson,LE BUISSON-DE-CADOUIN,26,0,0,0,26
20261210,87484246,Chemillé,CHEMILLE-EN-ANJOU,26,0,0,0,26
20261210,87713198,Tonnerre,TONNERRE,26,0,0,0,26
20261210,87594200,Uzerche,UZERCHE,18,8,0,0,26
20261210,87185348,Champagney,CHAMPAGNEY,26,0,0,0,26
20261210,87185314,Ronchamp,RONCHAMP,26,0,0,0,26
20261210,87584235,Gardonne,GARDONNE,26,0,0,0,26
20261210,87718528,L'Hôpital du Gros Bois,L'HOPITAL-DU-GROSBOIS,26,0,0,0,26
20261210,87396044,Montbizot,MONTBIZOT,26,0,0,0,26
20261210,87396366,La Suze,LA SUZE-SUR-SARTHE,26,0,0,0,26
20261210,87313387,Estrées Saint-Denis,ESTREES-SAINT-DENIS,26,0,0,0,26
20261210,87718296,Saint-Amour,SAINT-AMOUR,26,0,0,0,26
20261210,87484204,Chalonnes,CHALONNES-SUR-LOIRE,26,0,0,0,26
20261210,87586651,Tonneins,TONNEINS,26,0,0,0,26
20261210,87313320,Moreuil,MOREUIL,26,0,0,0,26
20261210,87741256,Aiguebelle,VAL-D'ARC,26,0,0,0,26
20261210,87396077,Vivoin Beaumont,VIVOIN,26,0,0,0,26
20261210,87313346,Montdidier,MONTDIDIER,26,0,0,0,26
20261210,87342584,Avion,AVION,26,0,0,0,26
20261210,87581801,Bègles,BEGLES,26,0,0,0,26
20261210,87715003,Pontarlier,PONTARLIER,26,0,0,0,26
20261210,87595124,Thiviers,THIVIERS,26,0,0,0,26
20261210,87718015,Besançon-Mouillère,BESANCON,26,0,0,0,26
20261210,87741769,Aime la Plagne,AIME-LA-PLAGNE,26,0,0,0,26
20261210,87741280,Epierre Saint-Leger,EPIERRE,26,0,0,0,26
20261210,87184200,Bas Evette,EVETTE-SALBERT,26,0,0,0,26
20261210,87682302,Montereau,MONTEREAU-FAULT-YONNE,26,0,0,0,26
20261210,87184242,Trois Chênes,BELFORT,26,0,0,0,26
20261210,87673319,Ondres,ONDRES,25,0,0,0,25
20261210,87487884,La Ménitré,LA MENITRE,25,0,0,0,25
20261210,87673293,Labenne,LABENNE,25,0,0,0,25
20261210,87575217,Jaunay Clan,JAUNAY-MARIGNY,25,0,0,0,25
20261210,87478164,Dinan,DINAN,25,0,0,0,25
20261210,87673251,Saubusse,SAUBUSSE,25,0,0,0,25
20261210,87182386,Gunsbach-Griesbach,GRIESBACH-AU-VAL,25,0,0,0,25
20261210,87775072,Saint-Césaire,NIMES,25,0,0,0,25
20261210,87386540,Munster-Badischhof,MUNSTER,25,0,0,0,25
20261210,87597062,Issoudun,ISSOUDUN,19,6,0,0,25
20261210,87734459,Pont de Dore,PESCHADOIRES,25,0,0,0,25
20261210,87141093,Laneuveville devant Nancy,LANEUVEVILLE-DEVANT-NANCY,25,0,0,0,25
20261210,87741504,Virieu le Grand-Belley,VIRIEU-LE-GRAND,25,0,0,0,25
20261210,87142240,Froncles,FRONCLES,25,0,0,0,25
20261210,87741231,Chamousset,CHAMOUSSET,25,0,0,0,25
20261210,87741694,Notre Dame de Briancon,LA LECHERE,25,0,0,0,25
20261210,87471094,La Brohinière,MONTAUBAN-DE-BRETAGNE,25,0,0,0,25
20261210,87142091,Langres,LANGRES,25,0,0,0,25
20261210,87575175,Naintre les Barres,NAINTRE,25,0,0,0,25
20261210,87391300,Morre,MORRE,25,0,0,0,25
20261210,87673269,Saint-Geours,SAINT-GEOURS-DE-MAREMNE,25,0,0,0,25
20261210,87734442,Lezoux,LEZOUX,25,0,0,0,25
20261210,87713537,Corgoloin,CORGOLOIN,25,0,0,0,25
20261210,87191734,Rombas-Clouange,ROMBAS,25,0,0,0,25
20261210,87473223,Lannion,LANNION,25,0,0,0,25
20261210,87673285,Benesse Maremne,BENESSE-MAREMNE,25,0,0,0,25
20261210,87756833,Breil sur Roya,BREIL-SUR-ROYA,25,0,0,0,25
20261210,87576025,Romorantin-Blanc Argent,ROMORANTIN-LANTHENAY,25,0,0,0,25
20261210,87713560,Meursault,MEURSAULT,25,0,0,0,25
20261210,87673095,Boucau,BOUCAU,25,0,0,0,25
20261210,87713156,Nuits sous Ravières,NUITS,25,0,0,0,25
20261210,87575183,La Tricherie,BEAUMONT SAINT-CYR,25,0,0,0,25
20261210,87582684,Cadaujac,CADAUJAC,25,0,0,0,25
20261210,87613356,Caussade (Tarn-et-Garonne),CAUSSADE,20,5,0,0,25
20261210,87118257,Vendeuvre,VENDEUVRE-SUR-BARSE,24,0,0,0,24
20261210,87615468,Castres,CASTRES,24,0,0,0,24
20261210,87756791,Peille,PEILLE,24,0,0,0,24
20261210,87281469,Ebblinghem,EBBLINGHEM,24,0,0,0,24
20261210,87413328,Etainhus Saint-Romain,ETAINHUS,24,0,0,0,24
20261210,87485490,Saint-Maixent Deux Sèvres,SAINT-MAIXENT-L'ECOLE,20,0,4,0,24
20261210,87671487,Ygos,YGOS-SAINT-SATURNIN,24,0,0,0,24
20261210,87191718,Moyeuvre Grande,MOYEUVRE-GRANDE,24,0,0,0,24
20261210,87581256,Pauillac,PAUILLAC,24,0,0,0,24
20261210,87696146,Cosne sur Loire,COSNE-COURS-SUR-LOIRE,24,0,0,0,24
20261210,87721829,Chamelet,CHAMELET,24,0,0,0,24
20261210,87575191,Dissay,DISSAY,24,0,0,0,24
20261210,87191700,Joeuf,JOEUF,24,0,0,0,24
20261210,87696195,La Charité,LA CHARITE-SUR-LOIRE,24,0,0,0,24
20261210,87574855,Montrichard,MONTRICHARD VAL DE CHER,24,0,0,0,24
20261210,87696211,Pougues les Eaux,POUGUES-LES-EAUX,24,0,0,0,24
20261210,87287300,Ruminghem,RUMINGHEM,24,0,0,0,24
20261210,87144089,Igney,IGNEY,24,0,0,0,24
20261210,87581231,Moulis-Listrac,MOULIS-EN-MEDOC,24,0,0,0,24
20261210,87756783,Peillon Sainte-Thècle,PEILLON,24,0,0,0,24
20261210,87574491,Chenonceaux,CHENONCEAUX,24,0,0,0,24
20261210,87575480,Montmorillon,MONTMORILLON,24,0,0,0,24
20261210,87581215,Margaux,MARGAUX-CANTENAC,24,0,0,0,24
20261210,87718536,Etalans,ETALANS,24,0,0,0,24
20261210,87144063,Vincey,PORTIEUX,24,0,0,0,24
20261210,87615492,Vielmur sur Agout,VIELMUR-SUR-AGOUT,24,0,0,0,24
20261210,87696229,Fourchambault,FOURCHAMBAULT,24,0,0,0,24
20261210,87313478,Chaulnes,CHAULNES,24,0,0,0,24
20261210,87141291,Neufchâteau,NEUFCHATEAU,20,4,0,0,24
20261210,87118299,Bar sur Aube,BAR-SUR-AUBE,24,0,0,0,24
20261210,87287292,Nortkerque,NORTKERQUE,24,0,0,0,24
20261210,87574897,Saint-Aignan Noyers,NOYERS-SUR-CHER,24,0,0,0,24
20261210,87756825,Sospel,SOSPEL,24,0,0,0,24
20261210,87756809,L'Escarène,L'ESCARENE,24,0,0,0,24
20261210,87141374,Saint-Clement Laronxe,SAINT-CLEMENT,24,0,0,0,24
20261210,87694000,Le Creusot,LE CREUSOT,24,0,0,0,24
20261210,87718619,Morteau,MORTEAU,24,0,0,0,24
20261210,87328021,Les Cauquillous,LAVAUR,24,0,0,0,24
20261210,87575225,Chasseneuil (Vienne),CHASSENEUIL-DU-POITOU,24,0,0,0,24
20261210,87713008,Dijon Porte Neuve,DIJON,24,0,0,0,24
20261210,87447680,Granville,GRANVILLE,24,0,0,0,24
20261210,87271536,Dammartin-Juilly-Saint-Mard,SAINT-MARD,24,0,0,0,24
20261210,87671123,Lannemezan,LANNEMEZAN,22,2,0,0,24
20261210,87575167,Nerpuy,NAINTRE,24,0,0,0,24
20261210,87281451,Renescure,RENESCURE,24,0,0,0,24
20261210,87756817,Touët de l'Escarène,TOUET-DE-L'ESCARENE,24,0,0,0,24
20261210,87141143,Mont sur Meurthe,MONT-SUR-MEURTHE,24,0,0,0,24
20261210,87615476,Lavaur,LAVAUR,24,0,0,0,24
20261210,87741777,Landry,LANDRY,24,0,0,0,24
20261210,87545756,Châteaudun,CHATEAUDUN,24,0,0,0,24
20261210,87191692,Homecourt,HOMECOURT,24,0,0,0,24
20261210,87615484,Damiatte Saint-Paul,DAMIATTE,24,0,0,0,24
20261210,87214627,Heiligenberg-Mollkirch,MOLLKIRCH,24,0,0,0,24
20261210,87281410,Pont d'Ardres,ARDRES,24,0,0,0,24
20261210,87474270,Landivisiau,LANDIVISIAU,24,0,0,0,24
20261210,87276352,Rieux-Angicourt,RIEUX,23,0,0,0,23
20261210,87181552,Saint-Gilles,WINTZENHEIM,23,0,0,0,23
20261210,87295808,Berlaimont,BERLAIMONT,23,0,0,0,23
20261210,87345108,Brebières Sud,BREBIERES,23,0,0,0,23
20261210,87313486,Nesle (Somme),NESLE,23,0,0,0,23
20261210,87594572,Saint-Denis près Martel,SAINT-DENIS-LES-MARTEL,21,2,0,0,23
20261210,87481697,La Baule les Pins,LA BAULE-ESCOUBLAC,23,0,0,0,23
20261210,87481762,Le Pouliguen,LE POULIGUEN,23,0,0,0,23
20261210,87491142,Jonzac,JONZAC,15,8,0,0,23
20261210,87486423,La Mothe Achard,LES ACHARDS,23,0,0,0,23
20261210,87343319,Raismes,RAISMES,23,0,0,0,23
20261210,87396218,Conlie,CONLIE,23,0,0,0,23
20261210,87215160,Lutzelbourg,LUTZELBOURG,23,0,0,0,23
20261210,87345116,Corbehem,CORBEHEM,23,0,0,0,23
20261210,87683201,Etigny-Véron,ETIGNY,23,0,0,0,23
20261210,87345215,Sallaumines,SALLAUMINES,23,0,0,0,23
20261210,87343160,Beuvrages,BEUVRAGES,23,0,0,0,23
20261210,87345231,Loison sous Lens,LOISON-SOUS-LENS,23,0,0,0,23
20261210,87595272,Neuvic,NEUVIC,23,0,0,0,23
20261210,87571216,Vendôme Villiers sur Loir,VENDOME,0,0,23,0,23
20261210,87342089,Roeux,ROEUX,23,0,0,0,23
20261210,87171512,Dormans,DORMANS,23,0,0,0,23
20261210,87116582,Château Thierry,CHATEAU-THIERRY,23,0,0,0,23
20261210,87342097,Biache Saint-Vaast,BIACHE-SAINT-VAAST,23,0,0,0,23
20261210,87481747,Pornichet,PORNICHET,23,0,0,0,23
20261210,87342469,Marquillies,MARQUILLIES,23,0,0,0,23
20261210,87313460,Rosières,ROSIERES-EN-SANTERRE,23,0,0,0,23
20261210,87481770,Batz sur Mer,BATZ-SUR-MER,23,0,0,0,23
20261210,87286831,Pont de bois,VILLENEUVE-D'ASCQ,23,0,0,0,23
20261210,87343301,Wallers,WALLERS,23,0,0,0,23
20261210,87345272,Meurchin,MEURCHIN,23,0,0,0,23
20261210,87342410,Cuinchy,CUINCHY,23,0,0,0,23
20261210,87718601,Le Valdahon Camp militaire,VALDAHON,23,0,0,0,23
20261210,87595223,Razac,RAZAC-SUR-L'ISLE,23,0,0,0,23
20261210,87734319,Langeac,LANGEAC,23,0,0,0,23
20261210,87696492,Cercy la Tour,CERCY-LA-TOUR,23,0,0,0,23
20261210,87712026,Rully,RULLY,23,0,0,0,23
20261210,87286427,La Fontaine,WAVRIN,23,0,0,0,23
20261210,87212431,Seltz,SELTZ,23,0,0,0,23
20261210,87342402,Beuvry lès Béthune,BEUVRY,23,0,0,0,23
20261210,87342113,Vitry en Artois,VITRY-EN-ARTOIS,23,0,0,0,23
20261210,87342451,Salomé,SALOME,23,0,0,0,23
20261210,87713586,Fontaines Mercurey,FONTAINES,23,0,0,0,23
20261210,87581314,Lesparre,LESPARRE-MEDOC,22,0,0,0,22
20261210,87734723,Vorey,VOREY,22,0,0,0,22
20261210,87345132,Coron de Méricourt,MERICOURT,22,0,0,0,22
20261210,87576108,Foëcy,FOECY,22,0,0,0,22
20261210,87784207,Elne,ELNE,22,0,0,0,22
20261210,87576132,Marmagne,MARMAGNE,22,0,0,0,22
20261210,87141200,Einvaux,EINVAUX,22,0,0,0,22
20261210,87491811,Saujon,SAUJON,22,0,0,0,22
20261210,87671172,Tournay,TOURNAY,22,0,0,0,22
20261210,87171314,Jonchery sur Vesle,JONCHERY-SUR-VESLE,22,0,0,0,22
20261210,87784231,Argelès sur Mer,ARGELES-SUR-MER,22,0,0,0,22
20261210,87775379,Fons Saint-Mamert,FONS,22,0,0,0,22
20261210,87491449,Cognac,COGNAC,22,0,0,0,22
20261210,87773531,Vic Mireval,VIC-LA-GARDIOLE,22,0,0,0,22
20261210,87773515,Villeneuve les Maguelonne,VILLENEUVE-LES-MAGUELONE,22,0,0,0,22
20261210,87141408,Azerailles,AZERAILLES,22,0,0,0,22
20261210,87785006,Cerbère,CERBERE,22,0,0,0,22
20261210,87683557,Moneteau-Gurgy,MONETEAU,22,0,0,0,22
20261210,87784256,Collioure,COLLIOURE,22,0,0,0,22
20261210,87481846,Pontchâteau,PONTCHATEAU,22,0,0,0,22
20261210,87615526,Labruguière,LABRUGUIERE,22,0,0,0,22
20261210,87721746,Civrieux d'Azergues,CIVRIEUX-D'AZERGUES,22,0,0,0,22
20261210,87721738,Dommartin Lissieu,DOMMARTIN,22,0,0,0,22
20261210,87718304,Franois,FRANOIS,22,0,0,0,22
20261210,87171330,Fismes,FISMES,22,0,0,0,22
20261210,87491472,Jarnac-Charente,MAINXE-GONDEVILLE,22,0,0,0,22
20261210,87784264,Port Vendres,PORT-VENDRES,22,0,0,0,22
20261210,87783605,Mende,MENDE,22,0,0,0,22
20261210,87615542,Mazamet,MAZAMET,22,0,0,0,22
20261210,87444372,Trouville-Deauville,DEAUVILLE,22,0,0,0,22
20261210,87611772,Gimont-Cahuzac,GIMONT,22,0,0,0,22
20261210,87400986,Magneux Courlandon,MAGNEUX,22,0,0,0,22
20261210,87576090,Vierzon Forges,VIERZON,22,0,0,0,22
20261210,87611749,Auch,AUCH,22,0,0,0,22
20261210,87571885,Joué lès Tours,JOUE-LES-TOURS,22,0,0,0,22
20261210,87784298,Banyuls sur Mer,BANYULS-SUR-MER,22,0,0,0,22
20261210,87313395,Poix de Picardie,POIX-DE-PICARDIE,22,0,0,0,22
20261210,87683532,Chemilly-Appoigny,CHEMILLY-SUR-YONNE,22,0,0,0,22
20261210,87321745,Penhoët,SAINT-NAZAIRE,22,0,0,0,22
20261210,87476234,Landevant,LANDEVANT,22,0,0,0,22
20261210,87747626,Clelles Mens,CLELLES,22,0,0,0,22
20261210,87171298,Muizon,MUIZON,22,0,0,0,22
20261210,87491803,Royan,ROYAN,22,0,0,0,22
20261210,87784686,Villefranche Vernet les Bains,FUILLA,22,0,0,0,22
20261210,87471144,Laillé,GUICHEN,22,0,0,0,22
20261210,87491506,Châteauneuf sur Charente,CHATEAUNEUF-SUR-CHARENTE,22,0,0,0,22
20261210,87444349,Pont l'Évèque,PONT-L'EVEQUE,22,0,0,0,22
20261210,87734749,Retournac,RETOURNAC,22,0,0,0,22
20261210,87721704,Les Flacheres,CHARBONNIERES-LES-BAINS,22,0,0,0,22
20261210,87141085,Champigneulles,CHAMPIGNEULLES,22,0,0,0,22
20261210,87476226,Landaul-Mendon,LANDAUL,22,0,0,0,22
20261210,87171322,Breuil-Romain,BREUIL-SUR-VESLE,22,0,0,0,22
20261210,87713834,Saint-Julien Clenay,SAINT-JULIEN,21,0,0,0,21
20261210,87172874,Fépin,FEPIN,21,0,0,0,21
20261210,87734129,Aigueperse,AIGUEPERSE,21,0,0,0,21
20261210,87172122,Aubrives,AUBRIVES,21,0,0,0,21
20261210,87755405,Le Luc et le Cannet,LE CANNET-DES-MAURES,21,0,0,0,21
20261210,87694638,Galuzot,SAINT-VALLIER,21,0,0,0,21
20261210,87694653,Génelard,GENELARD,21,0,0,0,21
20261210,87718312,Dannemarie-Velesme,DANNEMARIE-SUR-CRETE,21,0,0,0,21
20261210,87295568,Hautmont,HAUTMONT,21,0,0,0,21
20261210,87694646,Ciry le Noble,CIRY-LE-NOBLE,21,0,0,0,21
20261210,87694570,Autun,AUTUN,21,0,0,0,21
20261210,87581835,Villenave d'Ornon,VILLENAVE-D'ORNON,21,0,0,0,21
20261210,87473074,Broons,BROONS,21,0,0,0,21
20261210,87192211,Courcelles sur Nied,COURCELLES-SUR-NIED,21,0,0,0,21
20261210,87172031,Joigny sur Meuse,JOIGNY-SUR-MEUSE,21,0,0,0,21
20261210,87396036,La Guierche,LA GUIERCHE,21,0,0,0,21
20261210,87734046,Gerzat,GERZAT,21,0,0,0,21
20261210,87484386,Varades Saint-Florent-le-Vieil,LOIREAUXENCE,21,0,0,0,21
20261210,87484360,Ingrandes sur Loire,INGRANDES-LE-FRESNE-SUR-LOIRE,21,0,0,0,21
20261210,87712265,Brétigny-Norges,BRETIGNY,21,0,0,0,21
20261210,87582726,Arbanats,ARBANATS,21,0,0,0,21
20261210,87192229,Sanry sur Nied,SANRY-SUR-NIED,21,0,0,0,21
20261210,87611764,Aubiet,AUBIET,21,0,0,0,21
20261210,87571638,Azay le Rideau,AZAY-LE-RIDEAU,21,0,0,0,21
20261210,87484352,Champtocé sur Loire,CHAMPTOCE-SUR-LOIRE,21,0,0,0,21
20261210,87751370,Meyrargues,MEYRARGUES,21,0,0,0,21
20261210,87172858,Anchamps,ANCHAMPS,21,0,0,0,21
20261210,87694620,Montceau les Mines,MONTCEAU-LES-MINES,21,0,0,0,21
20261210,87594275,Meymac,MEYMAC,21,0,0,0,21
20261210,87276378,Villers Saint-Paul,VILLERS-SAINT-PAUL,21,0,0,0,21
20261210,87192203,Peltre,PELTRE,21,0,0,0,21
20261210,87296152,Crépy-Couvron,CREPY,21,0,0,0,21
20261210,87765180,Courthézon,COURTHEZON,21,0,0,0,21
20261210,87571687,Chinon,CHINON,21,0,0,0,21
20261210,87713826,Ruffey,RUFFEY-LES-ECHIREY,21,0,0,0,21
20261210,87172072,Laifour,LAIFOUR,21,0,0,0,21
20261210,87755397,Gonfaron,GONFARON,21,0,0,0,21
20261210,87718551,Avoudrey,AVOUDREY,21,0,0,0,21
20261210,87694596,Brion-Laizy,LAIZY,21,0,0,0,21
20261210,87755421,Vidauban,VIDAUBAN,21,0,0,0,21
20261210,87473066,Caulnes,CAULNES,21,0,0,0,21
20261210,87713842,Gemeaux,GEMEAUX,21,0,0,0,21
20261210,87755389,Pignans,PIGNANS,21,0,0,0,21
20261210,87694612,Blanzy,BLANZY,21,0,0,0,21
20261210,87296608,Versigny,VERSIGNY,21,0,0,0,21
20261210,87172155,Mohon,CHARLEVILLE-MEZIERES,20,0,0,0,20
20261210,87182360,Walbach,WINTZENHEIM,20,0,0,0,20
20261210,87574459,Saint-Martin le Beau,SAINT-MARTIN-LE-BEAU,20,0,0,0,20
20261210,87487843,La Bohalle,LOIRE-AUTHION,20,0,0,0,20
20261210,87611855,Lamagistère,LAMAGISTERE,20,0,0,0,20
20261210,87775353,Nozières-Brignon,BRIGNON,20,0,0,0,20
20261210,87725820,Vonnas,VONNAS,20,0,0,0,20
20261210,87444190,Moult-Argences,MOULT-CHICHEBOVILLE,20,0,0,0,20
20261210,87487876,Les Rosiers sur Loire,GENNES-VAL-DE-LOIRE,20,0,0,0,20
20261210,87172189,Lumes,LUMES,20,0,0,0,20
20261210,87481721,Donges,DONGES,20,0,0,0,20
20261210,87487892,Saint-Mathurin,LOIRE-AUTHION,20,0,0,0,20
20261210,87545731,Bonneval,BONNEVAL,20,0,0,0,20
20261210,87701532,Trélazé,TRELAZE,20,0,0,0,20
20261210,87725804,Pont de Veyle,CROTTET,20,0,0,0,20
20261210,87611889,Moissac,MOISSAC,20,0,0,0,20
20261210,87712604,Ouges,OUGES,20,0,0,0,20
20261210,87725838,Mezeriat,MEZERIAT,20,0,0,0,20
20261210,87342246,Aubigny en Artois,AUBIGNY-EN-ARTOIS,20,0,0,0,20
20261210,87574442,Azay sur Cher,MONTLOUIS-SUR-LOIRE,20,0,0,0,20
20261210,87415364,Brionne,BRIONNE,20,0,0,0,20
20261210,87616011,Avignonet,AVIGNONET-LAURAGAIS,20,0,0,0,20
20261210,87611558,Luzenac-Garanou,GARANOU,20,0,0,0,20
20261210,87444182,Frénouville-Cagny,FRENOUVILLE,20,0,0,0,20
20261210,87444695,Sées,SEES,20,0,0,0,20
20261210,87696534,Luzy,LUZY,20,0,0,0,20
20261210,87474189,Bannalec,BANNALEC,20,0,0,0,20
20261210,87726232,La Fouillouse,LA FOUILLOUSE,20,0,0,0,20
20261210,87485540,Lusignan,LUSIGNAN,20,0,0,0,20
20261210,87485250,Mauze,MAUZE-SUR-LE-MIGNON,20,0,0,0,20
20261210,87741629,Frontenex,FRONTENEX,20,0,0,0,20
20261210,87713651,Saint-Jean de Losne,SAINT-USAGE,20,0,0,0,20
20261210,87296095,Marle sur Serre,MARLE,20,0,0,0,20
20261210,87747592,Monestier de Clermont,MONESTIER-DE-CLERMONT,20,0,0,0,20
20261210,87481689,La Croix de Méan,SAINT-NAZAIRE,20,0,0,0,20
20261210,87611533,Ax les Thermes,AX-LES-THERMES,20,0,0,0,20
20261210,87471052,Saint-Jacques-de-la-Lande,SAINT-JACQUES-DE-LA-LANDE,20,0,0,0,20
20261210,87574434,Veretz Montlouis,MONTLOUIS-SUR-LOIRE,20,0,0,0,20
20261210,87745828,Seyssel-Corbonod,CORBONOD,20,0,0,0,20
20261210,87345124,Pont de Sallaumines,SALLAUMINES,20,0,0,0,20
20261210,87611897,Castelsarrasin,CASTELSARRASIN,20,0,0,0,20
20261210,87613323,Lalbenque-Fontanes,FONTANES,20,0,0,0,20
20261210,87713636,Aiserey,AISEREY,20,0,0,0,20
20261210,87342071,Boisleux,BOISLEUX-AU-MONT,20,0,0,0,20
20261210,87182196,Zillisheim,ZILLISHEIM,20,0,0,0,20
20261210,87713628,Saulon,SAULON-LA-CHAPELLE,20,0,0,0,20
20261210,87342063,Courcelles le Comte,COURCELLES-LE-COMTE,20,0,0,0,20
20261210,87476309,Gestel,GESTEL,20,0,0,0,20
20261210,87172221,Vrigne sur Meuse,VRIGNE-MEUSE,20,0,0,0,20
20261210,87342030,Miraumont,MIRAUMONT,20,0,0,0,20
20261210,87741611,Gresy sur Isere,GRESY-SUR-ISERE,20,0,0,0,20
20261210,87473116,Yffiniac,YFFINIAC,20,0,0,0,20
20261210,87415323,Bourgtheroulde Thuit Hébert,GRAND BOURGTHEROULDE,20,0,0,0,20
20261210,87694695,Digoin,DIGOIN,20,0,0,0,20
20261210,87545707,Voves,LES VILLAGES VOVEENS,20,0,0,0,20
20261210,87576439,Avord,AVORD,20,0,0,0,20
20261210,87611459,Lavilledieu,LA VILLE-DIEU-DU-TEMPLE,20,0,0,0,20
20261210,87611590,Tarascon sur Ariège,TARASCON-SUR-ARIEGE,20,0,0,0,20
20261210,87396093,La Hutte Coulombiers,FRESNAY-SUR-SARTHE,20,0,0,0,20
20261210,87713669,Pagny,PAGNY-LE-CHATEAU,20,0,0,0,20
20261210,87712620,Longecourt,LONGECOURT-EN-PLAINE,20,0,0,0,20
20261210,87712679,Chaugey,LOSNE,20,0,0,0,20
20261210,87481713,Montoir de Bretagne,MONTOIR-DE-BRETAGNE,20,0,0,0,20
20261210,87615377,Gragnague,GRAGNAGUE,20,0,0,0,20
20261210,87611863,Valence d'Agen,VALENCE,20,0,0,0,20
20261210,87713644,Brazey en Plaine,BRAZEY-EN-PLAINE,20,0,0,0,20
20261210,87613398,Albias,ALBIAS,20,0,0,0,20
20261210,87184267,Petit Croix,MONTREUX-CHATEAU,19,0,0,0,19
20261210,87296129,Vervins,VERVINS,19,0,0,0,19
20261210,87471219,Beslé,GUEMENE-PENFAO,19,0,0,0,19
20261210,87192476,Vandieres,VANDIERES,19,0,0,0,19
20261210,87342303,Tincques,TINCQUES,19,0,0,0,19
20261210,87576173,Faubourg d'Orléans,ROMORANTIN-LANTHENAY,19,0,0,0,19
20261210,87342543,Calonne-Ricouart,CALONNE-RICOUART,19,0,0,0,19
20261210,87741496,Les Abrets Fitilieu,LES ABRETS EN DAUPHINE,19,0,0,0,19
20261210,87747535,Jarrie-Vizille,JARRIE,19,0,0,0,19
20261210,87718361,Orchamps,ORCHAMPS,19,0,0,0,19
20261210,87342550,Pernes-Camblain,CAMBLAIN-CHATELAIN,19,0,0,0,19
20261210,87595207,Marsac (Dordogne),MARSAC-SUR-L'ISLE,19,0,0,0,19
20261210,87396028,Neuville,NEUVILLE-SUR-SARTHE,19,0,0,0,19
20261210,87741454,Saint-Beron la Bridoire,SAINT-BERON,19,0,0,0,19
20261210,87571828,Langeais,LANGEAIS,19,0,0,0,19
20261210,87313064,Méricourt-Ribemont,MERICOURT-L'ABBE,19,0,0,0,19
20261210,87775171,La Bastide Saint-Laurent-les-Bains,LA BASTIDE-PUYLAURENT,19,0,0,0,19
20261210,87323675,Montluçon-Rimard,MONTLUCON,19,0,0,0,19
20261210,87396051,Teillé,TEILLE,19,0,0,0,19
20261210,87175117,Chevillon,CHEVILLON,19,0,0,0,19
20261210,87478537,Montsûrs,BREE,19,0,0,0,19
20261210,87597039,Reuilly,REUILLY,19,0,0,0,19
20261210,87342188,Maroeuil,MAROEUIL,19,0,0,0,19
20261210,87743120,Pont d'Ain,PONT-D'AIN,19,0,0,0,19
20261210,87745380,Pougny Chancy,POUGNY,19,0,0,0,19
20261210,87747576,Vif,VIF,19,0,0,0,19
20261210,87342535,Vis à Marles,MARLES-LES-MINES,19,0,0,0,19
20261210,87594333,Souillac,SOUILLAC,10,9,0,0,19
20261210,87696336,Bessay,BESSAY-SUR-ALLIER,19,0,0,0,19
20261210,87471516,Les Lacs,SAINT-AUBIN-DES-LANDES,19,0,0,0,19
20261210,87315044,Daours,AUBIGNY,19,0,0,0,19
20261210,87444216,Saint-Pierre sur Dives,SAINT-PIERRE-EN-AUGE,19,0,0,0,19
20261210,87765198,Bédarrides,BEDARRIDES,19,0,0,0,19
20261210,87276303,Longueil-Sainte-Marie,LONGUEIL-SAINTE-MARIE,19,0,0,0,19
20261210,87476689,Malansac,MALANSAC,19,0,0,0,19
20261210,87618215,Villenouvelle,VILLENOUVELLE,19,0,0,0,19
20261210,87718338,Ranchot,RANCHOT,19,0,0,0,19
20261210,87476648,Sainte-Anne,PLUNERET,19,0,0,0,19
20261210,87713321,Collonges,COLLONGES-ET-PREMIERES,19,0,0,0,19
20261210,87734228,Le Breuil sur Couze,LE BREUIL-SUR-COUZE,19,0,0,0,19
20261210,87613141,Gourdon,GOURDON,10,9,0,0,19
20261210,87747568,Saint-Georges de Commiers,SAINT-GEORGES-DE-COMMIERS,19,0,0,0,19
20261210,87317123,Wimille-Wimereux,WIMILLE,19,0,0,0,19
20261210,87485193,Aigrefeuille,LE THOU,19,0,0,0,19
20261210,87485185,La Jarrie,LA JARRIE,19,0,0,0,19
20261210,87141804,Belleville (Lorraine),BELLEVILLE,19,0,0,0,19
20261210,87576215,Valençay,VALENCAY,18,0,0,0,18
20261210,87485474,La Crèche,LA CRECHE,18,0,0,0,18
20261210,87595264,Saint-Léon sur l'Isle,SAINT-LEON-SUR-L'ISLE,18,0,0,0,18
20261210,87696807,Clamecy,CLAMECY,18,0,0,0,18
20261210,87481390,Challans,CHALLANS,18,0,0,0,18
20261210,87192435,Onville,ONVILLE,18,0,0,0,18
20261210,87342253,Savy Berlette,SAVY-BERLETTE,18,0,0,0,18
20261210,87481176,Boussay la Bruffière,BOUSSAY,18,0,0,0,18
20261210,87342576,Vimy,VIMY,18,0,0,0,18
20261210,87694364,Saint-Léger sur Dheune,SAINT-LEGER-SUR-DHEUNE,18,0,0,0,18
20261210,87595769,Siorac en Périgord,SIORAC-EN-PERIGORD,18,0,0,0,18
20261210,87484147,Tiercé,TIERCE,18,0,0,0,18
20261210,87411470,Serqueux,SERQUEUX,18,0,0,0,18
20261210,87317081,Dannes-Camiers,CAMIERS,18,0,0,0,18
20261210,87683649,Cravant-Bazarnes,BAZARNES,18,0,0,0,18
20261210,87276311,Chevrières,CHEVRIERES,18,0,0,0,18
20261210,87471169,Saint-Senoux - Pléchâtel,SAINT-SENOUX,18,0,0,0,18
20261210,87611814,Mérenvielle,MERENVIELLE,18,0,0,0,18
20261210,87296269,Bohain,BOHAIN-EN-VERMANDOIS,18,0,0,0,18
20261210,87342261,Ham en Artois,HAM-EN-ARTOIS,18,0,0,0,18
20261210,87595579,Thenon,THENON,18,0,0,0,18
20261210,87615419,Marssac sur tarn,MARSSAC-SUR-TARN,18,0,0,0,18
20261210,87486571,Saint-Gilles Croix de Vie,SAINT-GILLES-CROIX-DE-VIE,18,0,0,0,18
20261210,87484154,Etriché Châteauneuf,ETRICHE,18,0,0,0,18
20261210,87592121,Eymoutiers-Vassiviere,EYMOUTIERS,18,0,0,0,18
20261210,87694398,Cheilly les Maranges,CHEILLY-LES-MARANGES,18,0,0,0,18
20261210,87317099,Neufchâtel Hardelot,NEUFCHATEL-HARDELOT,18,0,0,0,18
20261210,87594408,Terrasson,TERRASSON-LAVILLEDIEU,18,0,0,0,18
20261210,87444059,Audrieu,AUDRIEU,18,0,0,0,18
20261210,87571836,Cinq Mars,CINQ-MARS-LA-PILE,18,0,0,0,18
20261210,87342212,Frévin Capelle,FREVIN-CAPELLE,18,0,0,0,18
20261210,87594234,Allassac,ALLASSAC,18,0,0,0,18
20261210,87171728,Loivre,LOIVRE,18,0,0,0,18
20261210,87316067,Buire sur l'Ancre,BUIRE-SUR-L'ANCRE,18,0,0,0,18
20261210,87713594,Santenay les Bains,SANTENAY,18,0,0,0,18
20261210,87486563,Saint-Hilaire de Riez,SAINT-HILAIRE-DE-RIEZ,18,0,0,0,18
20261210,87484170,Morannes,MORANNES SUR SARTHE-DAUMERAY,18,0,0,0,18
20261210,87597609,Guéret,GUERET,18,0,0,0,18
20261210,87316059,Heilly,HEILLY,18,0,0,0,18
20261210,87345041,Lièvin,LIEVIN,18,0,0,0,18
20261210,87411447,Longuerue Vieux Manoir,VIEUX-MANOIR,18,0,0,0,18
20261210,87481366,Machecoul,MACHECOUL-SAINT-MEME,18,0,0,0,18
20261210,87571794,Port Boulet,CHOUZE-SUR-LOIRE,18,0,0,0,18
20261210,87444042,Bretteville Norrey,THUE ET MUE,18,0,0,0,18
20261210,87411454,Montérolier-Buchy,MONTEROLIER,18,0,0,0,18
20261210,87725705,Mâcon Loché TGV,MACON,1,0,17,0,18
20261210,87444083,Le Molay Littry,LE MOLAY-LITTRY,18,0,0,0,18
20261210,87592105,Châteauneuf  Bujaleuf,NEUVIC-ENTIER,18,0,0,0,18
20261210,87594382,Condat le Lardin,LE LARDIN-SAINT-LAZARE,18,0,0,0,18
20261210,87171736,Guignicourt,VILLENEUVE-SUR-AISNE,18,0,0,0,18
20261210,87481457,Cugand,CUGAND-LA-BERNARDIERE,18,0,0,0,18
20261210,87592253,Pierre Buffière,PIERRE-BUFFIERE,18,0,0,0,18
20261210,87592337,La Jonchère,LA JONCHERE-SAINT-MAURICE,18,0,0,0,18
20261210,87734301,Saint-Georges d'Aurac,MAZEYRAT-D'ALLIER,18,0,0,0,18
20261210,87592055,Saint-Priest Taurion,SAINT-PRIEST-TAURION,18,0,0,0,18
20261210,87276733,Le Meux la Croix St-Ouen,LE MEUX,18,0,0,0,18
20261210,87592071,Saint-Léonard de Noblat,SAINT-LEONARD-DE-NOBLAT,18,0,0,0,18
20261210,87592097,Saint-Denis des Murs,SAINT-DENIS-DES-MURS,18,0,0,0,18
20261210,87486894,Torfou,SEVREMOINE,18,0,0,0,18
20261210,87182667,Lutterbach,LUTTERBACH,18,0,0,0,18
20261210,87317107,Hesdigneul,HESDIGNEUL-LES-BOULOGNE,18,0,0,0,18
20261210,87592063,Brignac,ROYERES,18,0,0,0,18
20261210,87411439,Morgny,MORGNY-LA-POMMERAYE,18,0,0,0,18
20261210,87171751,Saint-Erme,SAINT-ERME-OUTRE-ET-RAMECOURT,18,0,0,0,18
20261210,87485151,Tonnay Charente,TONNAY-CHARENTE,17,0,0,0,17
20261210,87484048,Angers Maître Ecole,ANGERS,17,0,0,0,17
20261210,87576868,Selles sur Cher,SELLES-SUR-CHER,17,0,0,0,17
20261210,87171629,Prunay,PRUNAY,17,0,0,0,17
20261210,87303875,Ingersheim,TURCKHEIM,17,0,0,0,17
20261210,87491019,Bords,BORDS,17,0,0,0,17
20261210,87215335,Berthelming,BERTHELMING,17,0,0,0,17
20261210,87396549,Arnage,ARNAGE,17,0,0,0,17
20261210,87272013,Jaux,JAUX,17,0,0,0,17
20261210,87192302,Benestroff,BENESTROFF,17,0,0,0,17
20261210,87584508,Saint-Denis de Pile,SAINT-DENIS-DE-PILE,17,0,0,0,17
20261210,87396580,Mayet,MAYET,17,0,0,0,17
20261210,87313726,Marseille en Beauvaisis,MARSEILLE-EN-BEAUVAISIS,17,0,0,0,17
20261210,87763425,Chorges,CHORGES,15,0,2,0,17
20261210,87396556,Laigné Saint-Gervais,LAIGNE-SAINT-GERVAIS,17,0,0,0,17
20261210,87696161,Tracy-Sancerre,TRACY-SUR-LOIRE,17,0,0,0,17
20261210,87576884,Villefranche sur Cher,VILLEFRANCHE-SUR-CHER,17,0,0,0,17
20261210,87214775,Bourg Bruche,BOURG-BRUCHE,17,0,0,0,17
20261210,87615245,Tessonnières,GAILLAC,17,0,0,0,17
20261210,87726471,Boën,BOEN-SUR-LIGNON,17,0,0,0,17
20261210,87763557,L'Argentière les Ecrins,L'ARGENTIERE-LA-BESSEE,15,0,2,0,17
20261210,87491035,Saint-Savinien sur Charente,SAINT-SAVINIEN,17,0,0,0,17
20261210,87313213,Boves,BOVES,17,0,0,0,17
20261210,87313734,Grandvilliers,GRANDVILLIERS,17,0,0,0,17
20261210,87743740,Saint-Rambert en Bugey,SAINT-RAMBERT-EN-BUGEY,17,0,0,0,17
20261210,87615773,Luc Primaube,LUC-LA-PRIMAUBE,17,0,0,0,17
20261210,87396598,Vaas,VAAS,17,0,0,0,17
20261210,87615757,Baraqueville-Carcenac-Peyrales,BARAQUEVILLE,17,0,0,0,17
20261210,87396333,Le Theil la Rouge,VAL-AU-PERCHE,17,0,0,0,17
20261210,87171611,Val de Vesle,VAL-DE-VESLE,17,0,0,0,17
20261210,87763607,Briançon,BRIANCON,15,0,2,0,17
20261210,87699223,Base Aérienne,GIEVRES,17,0,0,0,17
20261210,87171645,Sept Saulx,SEPT-SAULX,17,0,0,0,17
20261210,87396572,Aubigné-Racan,AUBIGNE-RACAN,17,0,0,0,17
20261210,87296293,Fresnoy le Grand,FRESNOY-LE-GRAND,17,0,0,0,17
20261210,87313742,Feuquières-Broquiers,FEUQUIERES,17,0,0,0,17
20261210,87615732,Naucelle,NAUCELLE,17,0,0,0,17
20261210,87763508,Montdauphin-Guillestre,EYGLIERS,15,0,2,0,17
20261210,87214734,Fouday,FOUDAY,17,0,0,0,17
20261210,87773465,Saint-Aunès,SAINT-AUNES,17,0,0,0,17
20261210,87763466,Embrun,EMBRUN,15,0,2,0,17
20261210,87586438,Penne (Lot-et-Garonne),PENNE-D'AGENAIS,16,0,0,0,16
20261210,87313692,Herchies,HERCHIES,16,0,0,0,16
20261210,87721050,Regny,REGNY,16,0,0,0,16
20261210,87193797,Petit Rederching,PETIT-REDERCHING,16,0,0,0,16
20261210,87784546,Millas,MILLAS,16,0,0,0,16
20261210,87272195,Longueil-Annel,LONGUEIL-ANNEL,16,0,0,0,16
20261210,87394411,Bailleau le pin,BAILLEAU-LE-PIN,16,0,0,0,16
20261210,87576181,Les Quatre Roues,PRUNIERS-EN-SOLOGNE,16,0,0,0,16
20261210,87575845,Lussac les Châteaux,LUSSAC-LES-CHATEAUX,16,0,0,0,16
20261210,87784611,Vinça,VINCA,16,0,0,0,16
20261210,87214643,Mullerhof,URMATT,16,0,0,0,16
20261210,87394015,Luce,LUCE,16,0,0,0,16
20261210,87396291,Montfort le Gesnois,MONTFORT-LE-GESNOIS,16,0,0,0,16
20261210,87144030,Docelles-Cheniménil,CHENIMENIL,16,0,0,0,16
20261210,87576140,Selles Saint-Denis,SELLES-SAINT-DENIS,16,0,0,0,16
20261210,87696427,Dompierre Sept Fons,DOMPIERRE-SUR-BESBRE,16,0,0,0,16
20261210,87721043,Saint-Victor Thizy,SAINT-VICTOR-SUR-RHINS,16,0,0,0,16
20261210,87485524,Pamproux,PAMPROUX,16,0,0,0,16
20261210,87276741,Thourotte,THOUROTTE,16,0,0,0,16
20261210,87313114,Hangest sur Somme,HANGEST-SUR-SOMME,16,0,0,0,16
20261210,87396283,Saint-Mars la Brière,SAINT-MARS-LA-BRIERE,16,0,0,0,16
20261210,87594820,Masseret,MASSERET,16,0,0,0,16
20261210,87672709,Ogeu les Bains,OGEU-LES-BAINS,16,0,0,0,16
20261210,87394403,La Taye,SAINT-GEORGES-SUR-EURE,16,0,0,0,16
20261210,87394437,Illiers Combray,ILLIERS-COMBRAY,16,0,0,0,16
20261210,87481622,Issé,ISSE,16,0,0,0,16
20261210,87485532,Rouille,ROUILLE,16,0,0,0,16
20261210,87402297,Colmar-Mésanges,COLMAR,16,0,0,0,16
20261210,87313700,Milly sur Thérain,MILLY-SUR-THERAIN,16,0,0,0,16
20261210,87543157,Nouan le Fuzelier,NOUAN-LE-FUZELIER,16,0,0,0,16
20261210,87645507,Neussargues,NEUSSARGUES-MOISSAC,14,2,0,0,16
20261210,87672600,Croix du Prince,JURANCON,16,0,0,0,16
20261210,87193524,Farschviller,FARSCHVILLER,16,0,0,0,16
20261210,87474015,Dirinon,LOPERHET,16,0,0,0,16
20261210,87396275,Champagné,CHAMPAGNE,16,0,0,0,16
20261210,87576165,Villeherviers,VILLEHERVIERS,16,0,0,0,16
20261210,87476770,Drefféac,DREFFEAC,16,0,0,0,16
20261210,87394270,Bretoncelles,BRETONCELLES,16,0,0,0,16
20261210,87396200,Domfront,DOMFRONT-EN-CHAMPAGNE,16,0,0,0,16
20261210,87784660,Ria,RIA-SIRACH,16,0,0,0,16
20261210,87592295,La Porcherie,LA PORCHERIE,16,0,0,0,16
20261210,87313718,Saint-Omer en Chaussée,SAINT-OMER-EN-CHAUSSEE,16,0,0,0,16
20261210,87576082,La Ferté Imbault,LA FERTE-IMBAULT,16,0,0,0,16
20261210,87672634,Buzy en Béarn,BUZY,16,0,0,0,16
20261210,87611194,Marignac-Saint-Béat,MARIGNAC,16,0,0,0,16
20261210,87583823,Luxe,LUXE,16,0,0,0,16
20261210,87313130,Pont Rémy,PONT-REMY,16,0,0,0,16
20261210,87316075,Dreuil lès Amiens,DREUIL-LES-AMIENS,16,0,0,0,16
20261210,87586453,Monsempron Libos,MONSEMPRON-LIBOS,16,0,0,0,16
20261210,87597674,Montaigut,MONTAIGUT-LE-BLANC,16,0,0,0,16
20261210,87672139,Coarraze Nay,COARRAZE,16,0,0,0,16
20261210,87394429,Magny-Blandainville,MAGNY,16,0,0,0,16
20261210,87575290,Vivonne,VIVONNE,16,0,0,0,16
20261210,87597625,Marsac (Creuse),MARSAC,16,0,0,0,16
20261210,87575704,Mignaloux-Nouaille,MIGNALOUX-BEAUVOIR,16,0,0,0,16
20261210,87476754,Sévérac,SEVERAC,16,0,0,0,16
20261210,87575365,Saint-Saviol,VAL-DE-COMPORTE,16,0,0,0,16
20261210,87592287,Saint-Germain les Belles,SAINT-GERMAIN-LES-BELLES,16,0,0,0,16
20261210,87784629,Marquixanes,MARQUIXANES,16,0,0,0,16
20261210,87594762,Bretenoux Biars,BIARS-SUR-CERE,16,0,0,0,16
20261210,87583849,Ruffec Charente,RUFFEC,16,0,0,0,16
20261210,87597633,Vieilleville,MOURIOUX-VIEILLEVILLE,16,0,0,0,16
20261210,87611236,Luchon,BAGNERES-DE-LUCHON,16,0,0,0,16
20261210,87784512,Le Soler,LE SOLER,16,0,0,0,16
20261210,87672725,Oloron Sainte-Marie,OLORON-SAINTE-MARIE,16,0,0,0,16
20261210,87615161,Limoux,LIMOUX,16,0,0,0,16
20261210,87474064,Châteaulin Embranchement,CHATEAULIN,16,0,0,0,16
20261210,87784637,Prades Molitg les Bains,PRADES,16,0,0,0,16
20261210,87481614,Abbaretz,ABBARETZ,16,0,0,0,16
20261210,87784561,Ille sur Tet,ILLE-SUR-TET,16,0,0,0,16
20261210,87672618,Gan,GAN,16,0,0,0,16
20261210,87618710,Salechan Siradan,SALECHAN,16,0,0,0,16
20261210,87576157,Loreux,LOREUX,16,0,0,0,16
20261210,87476762,Saint-Gildas des bois,SAINT-GILDAS-DES-BOIS,16,0,0,0,16
20261210,87276766,Ribecourt,RIBECOURT-DRESLINCOURT,16,0,0,0,16
20261210,87721456,Saint-Romain de Popey,SAINT-ROMAIN-DE-POPEY,16,0,0,0,16
20261210,87543199,Theillay,THEILLAY,16,0,0,0,16
20261210,87394288,Condé sur Huisne,SABLONS SUR HUISNE,16,0,0,0,16
20261210,87611178,Loures Barbazan,LOURES-BAROUSSE,16,0,0,0,16
20261210,87592246,Solignac le- Vigen,LE VIGEN,16,0,0,0,16
20261210,87784520,Saint-Féliu d'Avail,SAINT-FELIU-D'AVALL,16,0,0,0,16
20261210,87394452,Brou,BROU,16,0,0,0,16
20261210,87594218,Vigeois,VIGEOIS,16,0,0,0,16
20261210,87592279,Magnac-Vicq,VICQ-SUR-BREUILH,16,0,0,0,16
20261210,87281246,Gravelines,GRAVELINES,16,0,0,0,16
20261210,87193771,Woelfling les Sarreguemines,WOELFLING-LES-SARREGUEMINES,16,0,0,0,16
20261210,87592741,Bussière Galant,BUSSIERE-GALANT,16,0,0,0,16
20261210,87694869,Gilly sur Loire,GILLY-SUR-LOIRE,16,0,0,0,16
20261210,87182840,Bantzenheim,BANTZENHEIM,16,0,0,0,16
20261210,87193789,Rohrbach les Bitche,ROHRBACH-LES-BITCHE,16,0,0,0,16
20261210,87313106,Picquigny,PICQUIGNY,16,0,0,0,16
20261210,87575274,Liguge,LIGUGE,16,0,0,0,16
20261210,87576199,Pruniers,GIEVRES,16,0,0,0,16
20261210,87773432,Valergues Lansargues,VALERGUES,16,0,0,0,16
20261210,87396317,Sceaux-Boesse,BOESSE-LE-SEC,16,0,0,0,16
20261210,87613661,Viviez-Décazeville,VIVIEZ,13,2,0,0,15
20261210,87396358,Voivres,VOIVRES-LES-LE-MANS,15,0,0,0,15
20261210,87613224,Aubin,AUBIN,13,2,0,0,15
20261210,87474262,La Roche (Finistère),LA ROCHE-MAURICE,15,0,0,0,15
20261210,87281279,Bourbourg,BOURBOURG,15,0,0,0,15
20261210,87696468,Béard,BEARD,15,0,0,0,15
20261210,87611574,Les Cabannes,LES CABANNES,15,0,0,0,15
20261210,87184556,Colombier Fontaine,COLOMBIER-FONTAINE,15,0,0,0,15
20261210,87613232,Cransac,CRANSAC,13,2,0,0,15
20261210,87396374,Noyen,NOYEN-SUR-SARTHE,15,0,0,0,15
20261210,87715144,La Rivière,LA RIVIERE-DRUGEON,15,0,0,0,15
20261210,87394213,Saint-Aubin-Saint-Luperce,SAINT-AUBIN-DES-BOIS,15,0,0,0,15
20261210,87345389,Bouchain,NEUVILLE-SUR-ESCAUT,15,0,0,0,15
20261210,87613257,Saint-Christophe,SAINT-CHRISTOPHE-VALLON,13,2,0,0,15
20261210,87576231,Varennes sur Fouzon,VAL-FOUZON,15,0,0,0,15
20261210,87718270,Cousance,COUSANCE,15,0,0,0,15
20261210,87761817,Saillans,SAILLANS,15,0,0,0,15
20261210,87592501,La Coquille,LA COQUILLE,15,0,0,0,15
20261210,87613059,Gramat,GRAMAT,13,2,0,0,15
20261210,87317230,Auchy lès Hesdin,AUCHY-LES-HESDIN,15,0,0,0,15
20261210,87317198,Beaurainville,BEAURAINVILLE,15,0,0,0,15
20261210,87691600,Les Perrières,VARENNES-VAUZELLES,15,0,0,0,15
20261210,87721464,Pontcharra Saint-Forgeux,VINDRY-SUR-TURDINE,15,0,0,0,15
20261210,87184531,Voujeaucourt,VOUJEAUCOURT,15,0,0,0,15
20261210,87343475,Lourches,ROEULX,15,0,0,0,15
20261210,87491183,Montendre,MONTENDRE,15,0,0,0,15
20261210,87345397,Iwuy,IWUY,15,0,0,0,15
20261210,87476242,Branderion,BRANDERION,15,0,0,0,15
20261210,87394205,Amilly Ouerray,AMILLY,15,0,0,0,15
20261210,87345496,Escaudoeuvres,ESCAUDOEUVRES,15,0,0,0,15
20261210,87694109,Le Creusot TGV (Monceau Montchanin),ECUISSES,0,0,15,0,15
20261210,87474056,Pont de Buis,PONT-DE-BUIS-LES-QUIMERCH,15,0,0,0,15
20261210,87394247,Pontgouin,PONTGOUIN,15,0,0,0,15
20261210,87212415,Roppenheim,BEINHEIM,15,0,0,0,15
20261210,87343418,Prouvy-Thiant,PROUVY,15,0,0,0,15
20261210,87491100,Pons,PONS,15,0,0,0,15
20261210,87317222,Hesdin,HESDIN-LA-FORET,15,0,0,0,15
20261210,87576223,Chabris,CHABRIS,15,0,0,0,15
20261210,87761783,Crest,CREST,15,0,0,0,15
20261210,87725721,Pontanevaux,LA CHAPELLE-DE-GUINCHAY,15,0,0,0,15
20261210,87613042,Rocamadour-Padirac,ROCAMADOUR,13,2,0,0,15
20261210,87761841,Die,DIE,15,0,0,0,15
20261210,87317164,Montreuil sur Mer,MONTREUIL-SUR-MER,15,0,0,0,15
20261210,87559070,Nevers Le Banlay,NEVERS,15,0,0,0,15
20261210,87725739,Romanèche Thorins,ROMANECHE-THORINS,15,0,0,0,15
20261210,87317255,Anvin,ANVIN,15,0,0,0,15
20261210,87343400,Trith Saint Léger,TRITH-SAINT-LEGER,15,0,0,0,15
20261210,87296418,Montescourt,MONTESCOURT-LIZEROLLES,15,0,0,0,15
20261210,87721340,Saint-Georges de Reneins,SAINT-GEORGES-DE-RENEINS,15,0,0,0,15
20261210,87725713,Crêches sur Saône,CRECHES-SUR-SAONE,15,0,0,0,15
20261210,87613075,Assier,ASSIER,13,2,0,0,15
20261210,87595132,Négrondes,NEGRONDES,15,0,0,0,15
20261210,87343459,Denain,DENAIN,15,0,0,0,15
20261210,87471359,Retiers,RETIERS,14,0,0,0,14
20261210,87481283,Pornic,PORNIC,14,0,0,0,14
20261210,87673640,Halsou-Larressore,HALSOU,14,0,0,0,14
20261210,87645481,Murat,MURAT,14,0,0,0,14
20261210,87595827,Sarlat,SARLAT-LA-CANEDA,14,0,0,0,14
20261210,87592048,Les Bardys,SAINT-PRIEST-TAURION,14,0,0,0,14
20261210,87673624,Ustaritz,USTARITZ,14,0,0,0,14
20261210,87595777,Saint-Cyprien en Dordogne,SAINT-CYPRIEN,14,0,0,0,14
20261210,87471326,Corps Nuds,CORPS-NUDS,14,0,0,0,14
20261210,87713099,Thenissey,THENISSEY,14,0,0,0,14
20261210,87592808,La Meyze,LA MEYZE,14,0,0,0,14
20261210,87575076,Port de Piles,LA CELLE-SAINT-AVANT,14,0,0,0,14
20261210,87334508,La Poterie,RENNES,14,0,0,0,14
20261210,87481242,Bourgneuf en Retz,VILLENEUVE-EN-RETZ,14,0,0,0,14
20261210,87712323,Lantenay,LANTENAY,14,0,0,0,14
20261210,87481234,Saint-Hilaire de Chaléons,SAINT-HILAIRE-DE-CHALEONS,14,0,0,0,14
20261210,87713073,Blaisy-Bas,BLAISY-BAS,14,0,0,0,14
20261210,87592667,Aixe sur Vienne,AIXE-SUR-VIENNE,14,0,0,0,14
20261210,87545657,Auneau,ROINVILLE,14,0,0,0,14
20261210,87485508,La Mothe Saint-Héray,SAINTE-EANNE,14,0,0,0,14
20261210,87471334,Janze,JANZE,14,0,0,0,14
20261210,87393595,Verneuil sur Avre,VERNEUIL D'AVRE ET D'ITON,14,0,0,0,14
20261210,87592683,Saint-Victurnien,SAINT-VICTURNIEN,14,0,0,0,14
20261210,87582759,Barsac,BARSAC,14,0,0,0,14
20261210,87645440,Vic sur Cère,VIC-SUR-CERE,14,0,0,0,14
20261210,87594622,Saint-Aulaire,SAINT-AULAIRE,14,0,0,0,14
20261210,87172353,Carignan Gare,CARIGNAN,14,0,0,0,14
20261210,87741108,Vions Chanaz,VIONS,14,0,0,0,14
20261210,87313445,Marcelcave,MARCELCAVE,14,0,0,0,14
20261210,87595744,Le Bugue,LE BUGUE,14,0,0,0,14
20261210,87741116,Chindrieux,CHINDRIEUX,14,0,0,0,14
20261210,87696179,Pouilly sur Loire,POUILLY-SUR-LOIRE,14,0,0,0,14
20261210,87592709,Saint-Junien,SAINT-JUNIEN,14,0,0,0,14
20261210,87481259,Les Moutiers en Retz,LES MOUTIERS-EN-RETZ,14,0,0,0,14
20261210,87574558,Vendome,VENDOME,14,0,0,0,14
20261210,87673657,Cambo les Bains,CAMBO-LES-BAINS,14,0,0,0,14
20261210,87641423,Volvic,VOLVIC,14,0,0,0,14
20261210,87775213,Génolhac,GENOLHAC,14,0,0,0,14
20261210,87734871,Massiac-Blesle,MASSIAC,12,2,0,0,14
20261210,87718437,Laissey,LAISSEY,14,0,0,0,14
20261210,87713081,Verrey,VERREY-SOUS-SALMAISE,14,0,0,0,14
20261210,87478545,Neau,NEAU,14,0,0,0,14
20261210,87592824,Saint-Yrieix,SAINT-YRIEIX-LA-PERCHE,14,0,0,0,14
20261210,87721415,Chazay-Marcilly,MARCILLY-D'AZERGUES,14,0,0,0,14
20261210,87415661,Pont de l'Arche,ALIZAY,14,0,0,0,14
20261210,87734293,Paulhaguet,SALZUIT,14,0,0,0,14
20261210,87471342,Le Theil de Bretagne,LE THEIL-DE-BRETAGNE,14,0,0,0,14
20261210,87645473,Le Lioran,LAVEISSIERE,14,0,0,0,14
20261210,87471318,Saint-Armel,SAINT-ARMEL,14,0,0,0,14
20261210,87741140,Viviers du Lac,VIVIERS-DU-LAC,14,0,0,0,14
20261210,87592691,Saint-Brice sur Vienne,SAINT-BRICE-SUR-VIENNE,14,0,0,0,14
20261210,87592022,Limoges Montjovis,LIMOGES,14,0,0,0,14
20261210,87673616,Villefranque,VILLEFRANQUE,14,0,0,0,14
20261210,87712331,Velars,VELARS-SUR-OUCHE,14,0,0,0,14
20261210,87296459,Appilly,APPILLY,14,0,0,0,14
20261210,87296871,Flavy le Martel,FLAVY-LE-MARTEL,14,0,0,0,14
20261210,87715151,Sainte-Colombe,SAINTE-COLOMBE,14,0,0,0,14
20261210,87471029,Vern,VERN-SUR-SEICHE,14,0,0,0,14
20261210,87595736,Les Eyzies,LES EYZIES,14,0,0,0,14
20261210,87718577,Gilley,GILLEY,14,0,0,0,14
20261210,87594614,Le Burg,VARETZ,14,0,0,0,14
20261210,87481267,La Bernerie en Retz,LA BERNERIE-EN-RETZ,14,0,0,0,14
20261210,87592634,L’Aiguille,BOSMIE-L'AIGUILLE,14,0,0,0,14
20261210,87694737,La Clayette-Baudemont,BAUDEMONT,14,0,0,0,14
20261210,87775254,Grand Combe la Pise,LA GRAND-COMBE,14,0,0,0,14
20261210,87611483,Latour de Carol Enveitg,ENVEITG,14,0,0,0,14
20261210,87594606,Varetz,VARETZ,14,0,0,0,14
20261210,87444638,L'Aigle,L'AIGLE,14,0,0,0,14
20261210,87594630,Objat,OBJAT,14,0,0,0,14
20261210,87713065,Malain,MALAIN,14,0,0,0,14
20261210,87595157,Agonac,AGONAC,14,0,0,0,14
20261210,87718403,Roche lez Beaupré,ROCHE-LEZ-BEAUPRE,13,0,0,0,13
20261210,87473058,Quédillac,QUEDILLAC,13,0,0,0,13
20261210,87415141,Longueville sur Scie,LONGUEVILLE-SUR-SCIE,13,0,0,0,13
20261210,87478560,Voutré,VOUTRE,13,0,0,0,13
20261210,87576454,Nérondes,NERONDES,13,0,0,0,13
20261210,87317610,Beau Marais,CALAIS,13,0,0,0,13
20261210,87415166,Saint-Victor,SAINT-MACLOU-DE-FOLLEVILLE,13,0,0,0,13
20261210,87597070,Neuvy Pailloux,NEUVY-PAILLOUX,13,0,0,0,13
20261210,87191346,Kedange,KEDANGE-SUR-CANNER,13,0,0,0,13
20261210,87671495,Saint-Martin d'Oney,SAINT-MARTIN-D'ONEY,13,0,0,0,13
20261210,87478750,Port Brillet,PORT-BRILLET,13,0,0,0,13
20261210,87575043,Villeperdue,VILLEPERDUE,13,0,0,0,13
20261210,87415125,Saint-Aubin sur Scie,SAINT-AUBIN-SUR-SCIE,13,0,0,0,13
20261210,87313353,Tricot,TRICOT,13,0,0,0,13
20261210,87575068,Maille,MAILLE,13,0,0,0,13
20261210,87576447,Bengy,BENGY-SUR-CRAON,13,0,0,0,13
20261210,87486431,Olonne sur Mer,LES SABLES-D'OLONNE,13,0,0,0,13
20261210,87592352,Bersac,BERSAC-SUR-RIVALIER,13,0,0,0,13
20261210,87641043,Lapeyrouse,LAPEYROUSE,13,0,0,0,13
20261210,87313601,Rochy Condé,ROCHY-CONDE,13,0,0,0,13
20261210,87783001,Millau,MILLAU,11,2,0,0,13
20261210,87575050,Sainte-Maure Noyant,NOYANT-DE-TOURAINE,13,0,0,0,13
20261210,87713701,Mervans,MERVANS,13,0,0,0,13
20261210,87773424,Lunel Viel,LUNEL-VIEL,13,0,0,0,13
20261210,87576470,La Guerche sur l'Aubois,LA GUERCHE-SUR-L'AUBOIS,13,0,0,0,13
20261210,87718122,Byans,BYANS-SUR-DOUBS,13,0,0,0,13
20261210,87715219,Labergement-Sainte-Marie,LABERGEMENT-SAINTE-MARIE,13,0,0,0,13
20261210,87718411,Novillars,NOVILLARS,13,0,0,0,13
20261210,87575035,Monts (Indre et Loire),MONTS,13,0,0,0,13
20261210,87734103,Pontmort,CHAMBARON SUR MORGE,13,0,0,0,13
20261210,87715102,Andelot,ANDELOT-EN-MONTAGNE,13,0,0,0,13
20261210,87696294,Saint-Pierre le Moutier,SAINT-PIERRE-LE-MOUTIER,13,0,0,0,13
20261210,87576405,Saint-Germain du Puy,SAINT-GERMAIN-DU-PUY,13,0,0,0,13
20261210,87592360,Fromental,FROMENTAL,13,0,0,0,13
20261210,87478768,Saint-Pierre la Cour,SAINT-PIERRE-LA-COUR,13,0,0,0,13
20261210,87783282,Marvejols,MARVEJOLS,11,2,0,0,13
20261210,87215103,Igney Avricourt,AVRICOURT,13,0,0,0,13
20261210,87718429,Deluz,DELUZ,13,0,0,0,13
20261210,87713735,Louhans,LOUHANS,13,0,0,0,13
20261210,87313833,Formerie,FORMERIE,12,0,0,0,12
20261210,87781666,Magalas,MAGALAS,10,2,0,0,12
20261210,87142273,Donjeux,DONJEUX,12,0,0,0,12
20261210,87598755,Limoux-Flassian,LIMOUX,12,0,0,0,12
20261210,87545525,Dourdan,DOURDAN,12,0,0,0,12
20261210,87696856,Châtel Censoir,CHATEL-CENSOIR,12,0,0,0,12
20261210,87615138,Verzeille,LEUC,12,0,0,0,12
20261210,87743112,Saint-Martin du Mont,SAINT-MARTIN-DU-MONT,12,0,0,0,12
20261210,87571448,Courcay Tauxigny,COURCAY,12,0,0,0,12
20261210,87683789,Avallon,AVALLON,12,0,0,0,12
20261210,87586412,Laroque,LAROQUE-TIMBAUT,12,0,0,0,12
20261210,87615120,Couffoulens Leuc,COUFFOULENS,12,0,0,0,12
20261210,87734715,Saint-Vincent le Château,SAINT-VINCENT,12,0,0,0,12
20261210,87473827,Brélidy-Plouec,PLOUEC-DU-TRIEUX,12,0,0,0,12
20261210,87725846,Polliat,POLLIAT,12,0,0,0,12
20261210,87413302,Harfleur,HARFLEUR,12,0,0,0,12
20261210,87478743,Le Genest,LE GENEST-SAINT-ISLE,12,0,0,0,12
20261210,87396895,Clermont la Rotonde,CLERMONT-FERRAND,12,0,0,0,12
20261210,87673707,Osses Saint-Martin d'Arrossa,SAINT-MARTIN-D'ARROSSA,12,0,0,0,12
20261210,87594119,Corrèze,SAINT-PRIEST-DE-GIMEL,12,0,0,0,12
20261210,87696203,Tronsanges,TRONSANGES,12,0,0,0,12
20261210,87473801,Gourland,GRACES,12,0,0,0,12
20261210,87683664,Vermenton,VERMENTON,12,0,0,0,12
20261210,87696088,Briare,BRIARE,12,0,0,0,12
20261210,87575126,Dangé Saint-Romain,DANGE-SAINT-ROMAIN,12,0,0,0,12
20261210,87487637,Montreuil Bellay,MONTREUIL-BELLAY,12,0,0,0,12
20261210,87594135,Montaignac Saint-Hippolyte,MONTAIGNAC-SUR-DOUSTRE,12,0,0,0,12
20261210,87571463,Chambourg,CHAMBOURG-SUR-INDRE,12,0,0,0,12
20261210,87641449,Durtol-Nohanent,DURTOL,12,0,0,0,12
20261210,87571430,Cormery,CORMERY,12,0,0,0,12
20261210,87473876,Frynaudour,PLOURIVO,12,0,0,0,12
20261210,87324335,Hirson Ecoles,HIRSON,12,0,0,0,12
20261210,87734350,Langogne,LANGOGNE,12,0,0,0,12
20261210,87743146,Ambronay Priay,AMBRONAY,12,0,0,0,12
20261210,87595520,Saint-Pierre de Chignac,SAINT-PIERRE-DE-CHIGNAC,12,0,0,0,12
20261210,87673723,Saint-Jean Pied de Port,SAINT-JEAN-PIED-DE-PORT,12,0,0,0,12
20261210,87613471,Laguépie,LAGUEPIE,12,0,0,0,12
20261210,87171710,Courcy-Brimont,COURCY,12,0,0,0,12
20261210,87718130,Liesle,LIESLE,12,0,0,0,12
20261210,87734707,Lavoute sur Loire,LAVOUTE-SUR-LOIRE,12,0,0,0,12
20261210,87487009,Thouars,THOUARS,12,0,0,0,12
20261210,87594416,La Rivière de Mansac,MANSAC,12,0,0,0,12
20261210,87734038,Royat-Chamalières,CHAMALIERES,12,0,0,0,12
20261210,87212449,Munchhausen,MUNCHHAUSEN,12,0,0,0,12
20261210,87171744,Amifontaine,AMIFONTAINE,12,0,0,0,12
20261210,87751271,La Brillanne-Oraison,LA BRILLANNE,12,0,0,0,12
20261210,87743351,Nurieux,NURIEUX-VOLOGNAT,10,0,2,0,12
20261210,87571414,Veigné,VEIGNE,12,0,0,0,12
20261210,87594168,Egletons,EGLETONS,12,0,0,0,12
20261210,87571455,Reignac,REIGNAC-SUR-INDRE,12,0,0,0,12
20261210,87571406,Montbazon,MONTBAZON,12,0,0,0,12
20261210,87171769,Coucy les Eppes,COUCY-LES-EPPES,12,0,0,0,12
20261210,87615146,Pomas,POMAS,12,0,0,0,12
20261210,87751206,Sisteron,SISTERON,12,0,0,0,12
20261210,87473850,Lancerf,PLOURIVO,12,0,0,0,12
20261210,87576322,Saint-Amand Montrond Orval,ORVAL,12,0,0,0,12
20261210,87491357,Saint-Jean d'Angely,SAINT-JEAN-D'ANGELY,12,0,0,0,12
20261210,87763250,Aspres sur Buëch,ASPRES-SUR-BUECH,12,0,0,0,12
20261210,87673665,Itxassou,ITXASSOU,12,0,0,0,12
20261210,87473546,Callac,CALLAC,12,0,0,0,12
20261210,87683631,Vincelles,VINCELLES,12,0,0,0,12
20261210,87485334,Marigny,MARIGNY,12,0,0,0,12
20261210,87485326,Fors,FORS,12,0,0,0,12
20261210,87473819,Trégonneau-Squiffiec,SQUIFFIEC,12,0,0,0,12
20261210,87684274,Nogent sur Vernisson,NOGENT-SUR-VERNISSON,12,0,0,0,12
20261210,87683847,Mailly la Ville,MAILLY-LA-VILLE,12,0,0,0,12
20261210,87171702,Aguilcourt-Variscourt,VARISCOURT,12,0,0,0,12
20261210,87571471,Loches,LOCHES,12,0,0,0,12
20261210,87613893,Villefranche de Rouergue,VILLEFRANCHE-DE-ROUERGUE,12,0,0,0,12
20261210,87571422,Esvres sur Indre,ESVRES,12,0,0,0,12
20261210,87781609,Bédarieux,BEDARIEUX,10,2,0,0,12
20261210,87684290,Gien,GIEN,12,0,0,0,12
20261210,87613877,Salles Courbatiers,SALLES-COURBATIES,12,0,0,0,12
20261210,87447698,Villedieu les Poêles,VILLEDIEU-LES-POELES-ROUFFIGNY,12,0,0,0,12
20261210,87597153,Eguzon,EGUZON-CHANTOME,12,0,0,0,12
20261210,87613463,Najac,NAJAC,12,0,0,0,12
20261210,87471201,Fougeray-Langon,LANGON,12,0,0,0,12
20261210,87726786,Pont de Lignon,BEAUZAC,12,0,0,0,12
20261210,87473835,Pontrieux Halte,PONTRIEUX,12,0,0,0,12
20261210,87684001,Montargis,MONTARGIS,12,0,0,0,12
20261210,87322347,Traou Nez,PLOURIVO,12,0,0,0,12
20261210,87276774,Ourscamps,PIMPREZ,12,0,0,0,12
20261210,87485342,Beauvoir sur Niort,BEAUVOIR-SUR-NIORT,12,0,0,0,12
20261210,87691469,Vauzelles,VARENNES-VAUZELLES,12,0,0,0,12
20261210,87411462,Sommery,SOMMERY,12,0,0,0,12
20261210,87613489,Lexos,VAREN,12,0,0,0,12
20261210,87473868,Paimpol,PAIMPOL,12,0,0,0,12
20261210,87592493,Saint-Sébastien,SAINT-SEBASTIEN,12,0,0,0,12
20261210,87212456,Mothern,MOTHERN,12,0,0,0,12
20261210,87673699,Bidarray Pont Noblia,BIDARRAY,12,0,0,0,12
20261210,87009696,La Douzillère,JOUE-LES-TOURS,12,0,0,0,12
20261210,87584441,Lalinde,LALINDE,12,0,0,0,12
20261210,87696187,Mesves-Bulcy,MESVES-SUR-LOIRE,12,0,0,0,12
20261210,87696831,Coulanges sur Yonne,CRAIN,12,0,0,0,12
20261210,87683722,Sermizelles-Vézelay,GIVRY,12,0,0,0,12
20261210,87671479,Arengosse,ARENGOSSE,12,0,0,0,12
20261210,87413310,Saint-Laurent Gainneville,SAINT-LAURENT-DE-BREVEDENT,12,0,0,0,12
20261210,87613802,Cordes-Vindrac,VINDRAC-ALAYRAC,12,0,0,0,12
20261210,87683680,Arcy sur Cure,ARCY-SUR-CURE,12,0,0,0,12
20261210,87295220,Le Cateau,LE CATEAU-CAMBRESIS,12,0,0,0,12
20261210,87473843,Pontrieux,PONTRIEUX,12,0,0,0,12
20261210,87751321,Manosque-Gréoux les Bains,MANOSQUE,11,0,0,0,11
20261210,87734111,Aubiat,AUBIAT,11,0,0,0,11
20261210,87193177,Bouzonville,BOUZONVILLE,11,0,0,0,11
20261210,87478081,La Fresnais,LA FRESNAIS,11,0,0,0,11
20261210,87783365,Sévérac le Château,SEVERAC D'AVEYRON,9,2,0,0,11
20261210,87718106,Montferrand Thoraise,MONTFERRAND-LE-CHATEAU,11,0,0,0,11
20261210,87191395,Freistroff,FREISTROFF,11,0,0,0,11
20261210,87641068,Bellenaves,BELLENAVES,11,0,0,0,11
20261210,87543058,Artenay,ARTENAY,11,0,0,0,11
20261210,87543090,Angerville,ANGERVILLE,11,0,0,0,11
20261210,87473504,Carhaix,CARHAIX-PLOUGUER,11,0,0,0,11
20261210,87281311,Grande-Synthe,GRANDE-SYNTHE,11,0,0,0,11
20261210,87775809,Beauvoisin,BEAUVOISIN,11,0,0,0,11
20261210,87473579,Coat Guégan,PONT-MELVEZ,11,0,0,0,11
20261210,87671156,Capvern,CAPVERN,11,0,0,0,11
20261210,87473553,Le Pénity,DUAULT,11,0,0,0,11
20261210,87583617,La Couronne,LA COURONNE,11,0,0,0,11
20261210,87175240,Lérouville,LEROUVILLE,11,0,0,0,11
20261210,87691949,Bidos,BIDOS,11,0,0,0,11
20261210,87181040,Flaxlanden,ZILLISHEIM,11,0,0,0,11
20261210,87594564,Les Quatre Routes,LE VIGNON-EN-QUERCY,11,0,0,0,11
20261210,87775791,Générac,GENERAC,11,0,0,0,11
20261210,87286716,Croix Wasquehal,WASQUEHAL,9,0,2,0,11
20261210,87191387,Anzeling,ANZELING,11,0,0,0,11
20261210,87775817,Vauvert,VAUVERT,11,0,0,0,11
20261210,87781294,Marseillan Plage,MARSEILLAN,11,0,0,0,11
20261210,87718197,Saint-Lothain,SAINT-LOTHAIN,11,0,0,0,11
20261210,87295642,Landrecies,LANDRECIES,11,0,0,0,11
20261210,87473561,Carnoet-Locarn,LOCARN,11,0,0,0,11
20261210,87694851,Saint-Agnan,SAINT-AGNAN,11,0,0,0,11
20261210,87584540,Saint-Aigulin la Roche-Chalais,SAINT-AIGULIN,11,0,0,0,11
20261210,87734731,Chamalières sur Loire,CHAMALIERES-SUR-LOIRE,11,0,0,0,11
20261210,87473140,Châtelaudren Plouagat,CHATELAUDREN-PLOUAGAT,11,0,0,0,11
20261210,87543074,Toury,TOURY,11,0,0,0,11
20261210,87781260,Vias,VIAS,11,0,0,0,11
20261210,87583674,Montmoreau,MONTMOREAU,11,0,0,0,11
20261210,87473587,Les Mais,CALLAC,11,0,0,0,11
20261210,87751230,Château Arnoux Saint-Auban,CHATEAU-ARNOUX-SAINT-AUBAN,11,0,0,0,11
20261210,87545137,Etampes,ETAMPES,11,0,0,0,11
20261210,87718114,Torpes Boussières,TORPES,11,0,0,0,11
20261210,87473538,Plougonver,PLOUGONVER,11,0,0,0,11
20261210,87175018,Revigny,REVIGNY-SUR-ORNAIN,11,0,0,0,11
20261210,87473520,Pont Melvez,PONT-MELVEZ,11,0,0,0,11
20261210,87484139,Le Vieux Briollay,BRIOLLAY,11,0,0,0,11
20261210,87287102,Lezennes,LILLE,11,0,0,0,11
20261210,87583690,Chalais,CHALAIS,11,0,0,0,11
20261210,87473512,Moustéru,BOURBRIAC,11,0,0,0,11
20261210,87584532,Les Eglisottes,LES EGLISOTTES-ET-CHALAURES,11,0,0,0,11
20261210,87313338,Hargicourt-Pierrepont,TROIS-RIVIERES,11,0,0,0,11
20261210,87775221,Chamborigaud,CHAMBORIGAUD,11,0,0,0,11
20261210,87574699,Notre Dame d'Oé,NOTRE-DAME-D'OE,10,0,0,0,10
20261210,87783308,Le Monastier,BOURGS SUR COLAGNE,8,2,0,0,10
20261210,87611509,Porte Puymorens,PORTA,10,0,0,0,10
20261210,87592410,Nieul,NIEUL,10,0,0,0,10
20261210,87131961,Brion Montreal la Cluse,BRION,10,0,0,0,10
20261210,87718213,Domblans-Voiteur,DOMBLANS,10,0,0,0,10
20261210,87694778,Chauffailles,CHAUFFAILLES,10,0,0,0,10
20261210,87592147,La Celle,LACELLE,10,0,0,0,10
20261210,87313569,Balagny Saint-Epin,BALAGNY-SUR-THERAIN,10,0,0,0,10
20261210,87484329,Savennières Behuard,SAVENNIERES,10,0,0,0,10
20261210,87581371,Soulac sur Mer,SOULAC-SUR-MER,10,0,0,0,10
20261210,87611517,L'Hospitalet pres l'Andorre,L'HOSPITALET-PRES-L'ANDORRE,10,0,0,0,10
20261210,87725614,Sennecey le Grand,SENNECEY-LE-GRAND,10,0,0,0,10
20261210,87574640,Saint-Amand de Vendôme,SAINT-AMAND-LONGPRE,10,0,0,0,10
20261210,87641357,Vallon en Sully,VALLON-EN-SULLY,10,0,0,0,10
20261210,87584243,Lamonzie Saint-Martin,LAMONZIE-SAINT-MARTIN,10,0,0,0,10
20261210,87581389,Le Verdon,LE VERDON-SUR-MER,10,0,0,0,10
20261210,87478149,Pleudihen,PLEUDIHEN-SUR-RANCE,10,0,0,0,10
20261210,87592170,Pérols sur Vézère,PEROLS-SUR-VEZERE,10,0,0,0,10
20261210,87571604,Ballan,BALLAN-MIRE,10,0,0,0,10
20261210,87592485,Bellac,BELLAC,10,0,0,0,10
20261210,87576728,Mennetou sur Cher,MENNETOU-SUR-CHER,10,0,0,0,10
20261210,87725671,Senozan,SENOZAN,10,0,0,0,10
20261210,87471367,Martigné Ferchaud,MARTIGNE-FERCHAUD,10,0,0,0,10
20261210,87592444,Nantiat,NANTIAT,10,0,0,0,10
20261210,87743526,Bellignat,BELLIGNAT,10,0,0,0,10
20261210,87574665,Château Renault,CHATEAU-RENAULT,10,0,0,0,10
20261210,87594085,Jassonneix,MEYMAC,10,0,0,0,10
20261210,87485359,Prisse la Charrière,PLAINE-D'ARGENSON,10,0,0,0,10
20261210,87575332,Anché Voulon,ANCHE,10,0,0,0,10
20261210,87487249,Bressuire,BRESSUIRE,10,0,0,0,10
20261210,87672386,Urt,URT,10,0,0,0,10
20261210,87645168,Maurs,MAURS,10,0,0,0,10
20261210,87543033,Cercottes,CERCOTTES,10,0,0,0,10
20261210,87213405,Walbourg,WALBOURG,10,0,0,0,10
20261210,87761874,Luc en Diois,LUC-EN-DIOIS,10,0,0,0,10
20261210,87743336,Simandre sur Suran,SIMANDRE-SUR-SURAN,10,0,0,0,10
20261210,87592162,Bugeat,BUGEAT,10,0,0,0,10
20261210,87448514,Avranches,AVRANCHES,10,0,0,0,10
20261210,87313809,Blangy sur Bresle,BLANGY-SUR-BRESLE,10,0,0,0,10
20261210,87613604,Bagnac,BAGNAC-SUR-CELE,10,0,0,0,10
20261210,87473090,Plestan,PLESTAN,10,0,0,0,10
20261210,87672337,Peyrehorade,PEYREHORADE,10,0,0,0,10
20261210,87181065,Walheim,WALHEIM,10,0,0,0,10
20261210,87313817,Longroy-Gamaches,LONGROY,10,0,0,0,10
20261210,87317529,Le Tréport Mers les Bains,LE TREPORT,10,0,0,0,10
20261210,87448001,Flers,FLERS,10,0,0,0,10
20261210,87213462,Riedseltz,RIEDSELTZ,10,0,0,0,10
20261210,87715326,Champagnole,CHAMPAGNOLE,10,0,0,0,10
20261210,87574509,Cloyes,CLOYES-LES-TROIS-RIVIERES,10,0,0,0,10
20261210,87317537,Eu,EU,10,0,0,0,10
20261210,87743328,Villereversure,VILLEREVERSURE,10,0,0,0,10
20261210,87473272,Plancoët,PLANCOET,10,0,0,0,10
20261210,87743344,Cize Boloson,BOLOZON,10,0,0,0,10
20261210,87783241,Saint-Chély d'Apcher,SAINT-CHELY-D'APCHER,8,2,0,0,10
20261210,87645192,Le Rouget,LE ROUGET-PERS,10,0,0,0,10
20261210,87491290,Loulay,LOULAY,10,0,0,0,10
20261210,87574541,Pézou,PEZOU,10,0,0,0,10
20261210,87641050,Louroux de Bouble,LOUROUX-DE-BOUBLE,10,0,0,0,10
20261210,87313767,Aumale,AUMALE,10,0,0,0,10
20261210,87478180,Corseul Languenan,LANGUENAN,10,0,0,0,10
20261210,87595702,Les Versannes,LA DOUZE,10,0,0,0,10
20261210,87574533,Frétéval Morée,FRETEVAL,10,0,0,0,10
20261210,87574681,Monnaie,MONNAIE,10,0,0,0,10
20261210,87213447,Hoffen,HOFFEN,10,0,0,0,10
20261210,87783266,Aumont Aubrac,PEYRE EN AUBRAC,8,2,0,0,10
20261210,87473264,Landébia,LANDEBIA,10,0,0,0,10
20261210,87751362,Pertuis,PERTUIS,10,0,0,0,10
20261210,87491258,Villeneuve la Comtesse,VILLENEUVE-LA-COMTESSE,10,0,0,0,10
20261210,87743302,Ceyzeriat,CEYZERIAT,10,0,0,0,10
20261210,87486258,Luçon,LUCON,2,8,0,0,10
20261210,87743534,Oyonnax,OYONNAX,10,0,0,0,10
20261210,87725663,Fleurville Pont de Vaux,FLEURVILLE,10,0,0,0,10
20261210,87775197,Villefort,VILLEFORT,10,0,0,0,10
20261210,87481648,Châteaubriant,CHATEAUBRIANT,10,0,0,0,10
20261210,87313403,Rémy,REMY,10,0,0,0,10
20261210,87393488,Dreux,DREUX,10,0,0,0,10
20261210,87491324,Saint-Hilaire Brizambourg,SAINT-HILAIRE-DE-VILLEFRANCHE,10,0,0,0,10
20261210,87595165,Château l'Evêque,CHATEAU-L'EVEQUE,10,0,0,0,10
20261210,87592717,Saillat-Chassenon,SAILLAT-SUR-VIENNE,10,0,0,0,10
20261210,87411181,Tourville,TOURVILLE-LA-RIVIERE,10,0,0,0,10
20261210,87296145,Origny en Thiérache,ORIGNY-EN-THIERACHE,10,0,0,0,10
20261210,87448159,Vire,VIRE NORMANDIE,10,0,0,0,10
20261210,87592543,Le Dorat,LE DORAT,10,0,0,0,10
20261210,87297085,La Bouteille,LA BOUTEILLE,10,0,0,0,10
20261210,87781161,Coursan,COURSAN,10,0,0,0,10
20261210,87592428,Peyrilhac-Saint-Jouvent,PEYRILHAC,10,0,0,0,10
20261210,87747667,Lus la Croix Haute,LUS-LA-CROIX-HAUTE,10,0,0,0,10
20261210,87473082,Plénée Jugon,PLENEE-JUGON,10,0,0,0,10
20261210,87611525,Mérens les Vals,MERENS-LES-VALS,10,0,0,0,10
20261210,87297150,Voyenne,VOYENNE,10,0,0,0,10
20261210,87316125,Thézy Glimont,THEZY-GLIMONT,10,0,0,0,10
20261210,87316398,Heilles-Mouchy,HEILLES,9,0,0,0,9
20261210,87763755,Laragne,LARAGNE-MONTEGLIN,9,0,0,0,9
20261210,87576298,Châteauneuf sur Cher,CHATEAUNEUF-SUR-CHER,9,0,0,0,9
20261210,87316406,Montreuil sur Thérain,MONTREUIL-SUR-THERAIN,9,0,0,0,9
20261210,87783670,Belvezet,MONT LOZERE ET GOULET,9,0,0,0,9
20261210,87297143,Dercy-Froidmont,DERCY,9,0,0,0,9
20261210,87213413,Hoelschloch,SURBOURG,9,0,0,0,9
20261210,87574152,Baule,BAULE,9,0,0,0,9
20261210,87743633,Saint-Claude,SAINT-CLAUDE,9,0,0,0,9
20261210,87543041,Chevilly,CHEVILLY,9,0,0,0,9
20261210,87584201,Saint-Antoine de Breuilh,SAINT-ANTOINE-DE-BREUILH,9,0,0,0,9
20261210,87313593,Villers Saint-Sépulcre,VILLERS-SAINT-SEPULCRE,9,0,0,0,9
20261210,87281055,Croix l'Allumette,CROIX,9,0,0,0,9
20261210,87574848,Chissay en Touraine,CHISSAY-EN-TOURAINE,9,0,0,0,9
20261210,87775239,Sainte-Cécil -d'Andorge,SAINTE-CECILE-D'ANDORGE,9,0,0,0,9
20261210,87645135,Laroquebrou,LAROQUEBROU,9,0,0,0,9
20261210,87352047,Champagnole Paul Emile Victor,CHAMPAGNOLE,9,0,0,0,9
20261210,87715417,Saint-Laurent en Grandvaux,SAINT-LAURENT-EN-GRANDVAUX,9,0,0,0,9
20261210,87316208,Wacquemoulin,WACQUEMOULIN,9,0,0,0,9
20261210,87574111,Chaingy Fourneaux-Plage,CHAINGY,9,0,0,0,9
20261210,87543066,Château Gaillard,SANTILLY,9,0,0,0,9
20261210,87715433,Morbier,MORBIER,9,0,0,0,9
20261210,87313544,Cramoisy,CRAMOISY,9,0,0,0,9
20261210,87297291,Barenton Bugny,BARENTON-BUGNY,9,0,0,0,9
20261210,87783654,Allenc,ALLENC,9,0,0,0,9
20261210,87582825,Saint-Macaire,LE PIAN-SUR-GARONNE,9,0,0,0,9
20261210,87582841,Caudrot,CAUDROT,9,0,0,0,9
20261210,87763722,Serres,SERRES,9,0,0,0,9
20261210,87313239,La Faloise,LA FALOISE,9,0,0,0,9
20261210,87191684,Auboue,AUBOUE,9,0,0,0,9
20261210,87185595,Luxeuil les Bains,LUXEUIL-LES-BAINS,9,0,0,0,9
20261210,87192732,Valleroy Moineville,VALLEROY,9,0,0,0,9
20261210,87444323,Le Grand-Jardin,LISIEUX,9,0,0,0,9
20261210,87584474,Trémolat,TREMOLAT,9,0,0,0,9
20261210,87715383,La Chaux des Crotenay,CHAUX-DES-CROTENAY,9,0,0,0,9
20261210,87576272,Saint-Florent sur Cher,SAINT-FLORENT-SUR-CHER,9,0,0,0,9
20261210,87215483,Schopperten,SCHOPPERTEN,9,0,0,0,9
20261210,87783647,Bagnols-Chadenet,CHADENET,9,0,0,0,9
20261210,87574129,Saint-Ay,SAINT-AY,9,0,0,0,9
20261210,87297119,Verneuil sur Serre,VERNEUIL-SUR-SERRE,9,0,0,0,9
20261210,87185629,Aillevillers,CORBENAY,9,0,0,0,9
20261210,87543371,La Chapelle Saint-Mesmin,LA CHAPELLE-SAINT-MESMIN,9,0,0,0,9
20261210,87193383,Herny,HERNY,9,0,0,0,9
20261210,87775148,Chasserades,MONT LOZERE ET GOULET,9,0,0,0,9
20261210,87726737,Fraisse Unieux,FRAISSES,9,0,0,0,9
20261210,87577403,Iteuil,ITEUIL,9,0,0,0,9
20261210,87584151,Lamothe Montravel,LAMOTHE-MONTRAVEL,9,0,0,0,9
20261210,87715441,Morez,HAUTS DE BIENNE,9,0,0,0,9
20261210,87611103,Saint-Martory,SAINT-MARTORY,9,0,0,0,9
20261210,87594754,Puybrun,PUYBRUN,8,0,0,0,8
20261210,87584466,Mauzac,MAUZAC-ET-GRAND-CASTANG,8,0,0,0,8
20261210,87191742,Gandrange Amneville,AMNEVILLE,8,0,0,0,8
20261210,87313296,Avrechy,AVRECHY,8,0,0,0,8
20261210,87192658,Baroncourt,DOMMARY-BARONCOURT,8,0,0,0,8
20261210,87545111,Monnerville,MONNERVILLE,8,0,0,0,8
20261210,87393579,Massy-Palaiseau,MASSY,0,0,8,0,8
20261210,87575498,Lathus,LATHUS-SAINT-REMY,8,0,0,0,8
20261210,87486332,Chantonnay,CHANTONNAY,8,0,0,0,8
20261210,87641076,Saint-Bonnet de Rochefort,SAINT-BONNET-DE-ROCHEFORT,8,0,0,0,8
20261210,87575118,Les Ormes sur Vienne,LES ORMES,8,0,0,0,8
20261210,87394494,Courtalain Saint-Pellerin,VALD'YERRE,8,0,0,0,8
20261210,87143024,Vraincourt,VRAINCOURT,8,0,0,0,8
20261210,87696617,Corbigny,CORBIGNY,8,0,0,0,8
20261210,87286062,Hellemmes,LILLE,8,0,0,0,8
20261210,87594796,Laval de Cère,LAVAL-DE-CERE,8,0,0,0,8
20261210,87545129,Guillerval,GUILLERVAL,8,0,0,0,8
20261210,87672774,Bedous,BEDOUS,8,0,0,0,8
20261210,87718866,Montbarrey,MONTBARREY,8,0,0,0,8
20261210,87316109,Dommartin-Remiencourt,DOMMARTIN,8,0,0,0,8
20261210,87478131,Miniac,MINIAC-MORVAN,8,0,0,0,8
20261210,87194209,Montmédy,MONTMEDY,8,0,0,0,8
20261210,87696260,Saincaize,SAINCAIZE-MEAUCE,8,0,0,0,8
20261210,87672741,Lurbe-Saint-Christau,LURBE-SAINT-CHRISTAU,8,0,0,0,8
20261210,87715391,La Chaumusse Fort du Plasne,LA CHAUMUSSE,8,0,0,0,8
20261210,87696633,Flez Cuzy Tannay,TANNAY,8,0,0,0,8
20261210,87571653,Rivarennes,RIVARENNES,8,0,0,0,8
20261210,87328195,Thésée,THESEE,8,0,0,0,8
20261210,87478156,La Hisse,SAINT-SAMSON-SUR-RANCE,8,0,0,0,8
20261210,87571612,Druye,DRUYE,8,0,0,0,8
20261210,87394486,Arrou,VALD'YERRE,8,0,0,0,8
20261210,87141051,Fontenoy sur Moselle,FONTENOY-SUR-MOSELLE,8,0,0,0,8
20261210,87478123,Plerguer,PLERGUER,8,0,0,0,8
20261210,87734368,Luc,LUC,8,0,0,0,8
20261210,87144147,Bains les Bains,LE CLERJUS,8,0,0,0,8
20261210,87141424,Bertrichamps,BERTRICHAMPS,8,0,0,0,8
20261210,87672766,Sarrance,SARRANCE,8,0,0,0,8
20261210,87783175,Saint-Flour Chaudes Aigues,SAINT-FLOUR,6,2,0,0,8
20261210,87144121,Xertigny,XERTIGNY,8,0,0,0,8
20261210,87775346,Boucoiran,BOUCOIRAN-ET-NOZIERES,8,0,0,0,8
20261210,87387175,Romilly la Puthenaye,ROMILLY-LA-PUTHENAYE,7,0,0,0,7
20261210,87317248,Blangy sur Ternoise,BLANGY-SUR-TERNOISE,7,0,0,0,7
20261210,87478040,Dingé,DINGE,7,0,0,0,7
20261210,87715227,Les Longevilles-Rochejean,LONGEVILLES-MONT-D'OR,7,0,0,0,7
20261210,87582858,Gironde,GIRONDE-SUR-DROPT,7,0,0,0,7
20261210,87317206,Maresquel,MARESQUEL-ECQUEMICOURT,7,0,0,0,7
20261210,87447649,Folligny,FOLLIGNY,7,0,0,0,7
20261210,87387142,La Bonneville sur Iton,LA BONNEVILLE-SUR-ITON,7,0,0,0,7
20261210,87543082,Boisseaux,BOISSEAUX,7,0,0,0,7
20261210,87486324,Bournezeau,BOURNEZEAU,7,0,0,0,7
20261210,87545244,Juvisy,JUVISY-SUR-ORGE,0,0,7,0,7
20261210,87448084,Briouze,BRIOUZE,7,0,0,0,7
20261210,87387183,Beaumont le Roger,BEAUMONT-LE-ROGER,7,0,0,0,7
20261210,87612028,Labège Village,LABEGE,7,0,0,0,7
20261210,87478065,Bonnemain,BONNEMAIN,7,0,0,0,7
20261210,87317180,Brimeux,BRIMEUX,7,0,0,0,7
20261210,87345439,Brunémont,BRUNEMONT,7,0,0,0,7
20261210,87142232,Vignory,VIGNORY,7,0,0,0,7
20261210,87486308,La Chaize le Vicomte,LA CHAIZE-LE-VICOMTE,7,0,0,0,7
20261210,87316604,Aubin Saint-Vaast,AUBIN-SAINT-VAAST,7,0,0,0,7
20261210,87615674,Tanus,TANUS,7,0,0,0,7
20261210,87594556,Turenne,TURENNE,7,0,0,0,7
20261210,87192724,Hatrize,HATRIZE,7,0,0,0,7
20261210,87191304,Yutz,YUTZ,7,0,0,0,7
20261210,87387159,Conches,CONCHES-EN-OUCHE,7,0,0,0,7
20261210,87193342,Teting,TETING-SUR-NIED,7,0,0,0,7
20261210,87582833,Saint-Pierre d'Aurillac,SAINT-PIERRE-D'AURILLAC,7,0,0,0,7
20261210,87485268,Prin Deyrançon,PRIN-DEYRANCON,7,0,0,0,7
20261210,87486316,Fougeré,FOUGERE,7,0,0,0,7
20261210,87684126,Nemours Saint-Pierre,SAINT-PIERRE-LES-NEMOURS,7,0,0,0,7
20261210,87142224,Bologne,BOLOGNE,7,0,0,0,7
20261210,87582767,Preignac,PREIGNAC,7,0,0,0,7
20261210,87618207,Montlaur,MONTLAUR,6,0,0,0,6
20261210,87784744,Thuès les Bains,NYER,6,0,0,0,6
20261210,87571851,Saint-Genouph,SAINT-GENOUPH,6,0,0,0,6
20261210,87784819,Font-Romeu Odeillo Via,FONT-ROMEU-ODEILLO-VIA,6,0,0,0,6
20261210,87775247,La Levade,LA GRAND-COMBE,6,0,0,0,6
20261210,87734673,Darsac,VERNASSAL,6,0,0,0,6
20261210,87571844,Savonnières,SAVONNIERES,6,0,0,0,6
20261210,87783431,Saint-Rome de Cernon,SAINT-ROME-DE-CERNON,4,2,0,0,6
20261210,87784736,Nyer,NYER,6,0,0,0,6
20261210,87784793,Mont Louis la Cabanasse,LA CABANASSE,6,0,0,0,6
20261210,87784710,Joncet,SERDINYA,6,0,0,0,6
20261210,87783563,Barjac,BARJAC,6,0,0,0,6
20261210,87313262,Gannes,GANNES,6,0,0,0,6
20261210,87784801,Bolquère-Eyne,BOLQUERE,6,0,0,0,6
20261210,87784777,Sauto,SAUTO,6,0,0,0,6
20261210,87571802,La Chapelle sur Loire,LA CHAPELLE-SUR-LOIRE,6,0,0,0,6
20261210,87784785,Planès,PLANES,6,0,0,0,6
20261210,87784751,Thuès Carença,THUES-ENTRE-VALLS,6,0,0,0,6
20261210,87471227,Massérac,MASSERAC,6,0,0,0,6
20261210,87731828,Lachaud Curmilhac,VISSAC-AUTEYRAC,6,0,0,0,6
20261210,87571554,Saint-Paterne,SAINT-PATERNE-RACAN,6,0,0,0,6
20261210,87775098,Milhaud,MILHAUD,6,0,0,0,6
20261210,87784769,Fontpédrouse-Saint-Thomas les Bains,FONTPEDROUSE,6,0,0,0,6
20261210,87734335,Monistrol d'Allier,MONISTROL-D'ALLIER,6,0,0,0,6
20261210,87144345,Provencheres sur Fave,PROVENCHERES-ET-COLROY,6,0,0,0,6
20261210,87734343,Chapeauroux,SAINT BONNET-LAVAL,6,0,0,0,6
20261210,87783530,Chanac,ESCLANEDES,6,0,0,0,6
20261210,87731885,Alleyras,ALLEYRAS,6,0,0,0,6
20261210,87682450,Champagne sur Seine,CHAMPAGNE-SUR-SEINE,6,0,0,0,6
20261210,87295667,Ors,ORS,6,0,0,0,6
20261210,87784702,Serdinya,SERDINYA,6,0,0,0,6
20261210,87683615,Champs Saint-Bris,CHAMPS-SUR-YONNE,6,0,0,0,6
20261210,87696302,Chantenay Saint-Imbert,CHANTENAY-SAINT-IMBERT,6,0,0,0,6
20261210,87144683,Saint-Michel sur Meurthe,SAINT-MICHEL-SUR-MEURTHE,6,0,0,0,6
20261210,87571810,Saint-Patrice,COTEAUX-SUR-LOIRE,6,0,0,0,6
20261210,87141382,Chenevieres,CHENEVIERES,6,0,0,0,6
20261210,87775130,Gallargues,GALLARGUES-LE-MONTUEUX,6,0,0,0,6
20261210,87784728,Olette-Canaveilles les Bains,OLETTE,6,0,0,0,6
20261210,87783423,Saint-Georges de Luzençon,SAINT-GEORGES-DE-LUZENCON,4,2,0,0,6
20261210,87575134,Ingrandes sur Vienne,INGRANDES,6,0,0,0,6
20261210,87783456,Tournemire Roquefort,TOURNEMIRE,4,2,0,0,6
20261210,87413377,Foucart-Alvimare,FOUCART,6,0,0,0,6
20261210,87781583,Le Bousquet d'Orb,LE BOUSQUET-D'ORB,4,2,0,0,6
20261210,87297523,Hachette,LOCQUIGNOL,6,0,0,0,6
20261210,87672162,Assat,ASSAT,6,0,0,0,6
20261210,87781542,Ceilhe -Roquèredonde,ROQUEREDONDE,4,2,0,0,6
20261210,87116137,Longueville,LONGUEVILLE,5,0,0,0,5
20261210,87597054,Sainte-Lizaigne,SAINTE-LIZAIGNE,5,0,0,0,5
20261210,87613174,Dégagnac,DEGAGNAC,5,0,0,0,5
20261210,87141390,Menil Flin,FLIN,5,0,0,0,5
20261210,87415893,Bonnières,BONNIERES-SUR-SEINE,5,0,0,0,5
20261210,87775866,Le Grau du Roi,LE GRAU-DU-ROI,5,0,0,0,5
20261210,87645184,Boisset (Cantal),BOISSET,5,0,0,0,5
20261210,87415885,Rosny sur Seine,ROSNY-SUR-SEINE,5,0,0,0,5
20261210,87141036,Foug,FOUG,5,0,0,0,5
20261210,87775833,Aimargues,AIMARGUES,5,0,0,0,5
20261210,87775841,Saint-Laurent d'Aigouze,SAINT-LAURENT-D'AIGOUZE,5,0,0,0,5
20261210,87594325,Gignac-Cressensac,GIGNAC,5,0,0,0,5
20261210,87574335,Limeray,LIMERAY,5,0,0,0,5
20261210,87141432,Thiaville,THIAVILLE-SUR-MEURTHE,5,0,0,0,5
20261210,87574368,Noizay,NOIZAY,5,0,0,0,5
20261210,87775858,Aigues Mortes,AIGUES-MORTES,5,0,0,0,5
20261210,87491191,Bussac,BUSSAC-FORET,5,0,0,0,5
20261210,87175828,Pagny sur Meuse,PAGNY-SUR-MEUSE,5,0,0,0,5
20261210,87175067,Nançois-Tronville,NANCOIS-SUR-ORNAIN,5,0,0,0,5
20261210,87775825,Le Cailar,LE CAILAR,5,0,0,0,5
20261210,87313288,Saint-Rémy en l'Eau,SAINT-REMY-EN-L'EAU,5,0,0,0,5
20261210,87297283,Vauxaillon,VAUXAILLON,4,0,0,0,4
20261210,87615211,Esperaza,ESPERAZA,4,0,0,0,4
20261210,87756858,Fontan-Saorge,FONTAN,4,0,0,0,4
20261210,87712182,Neuilly lès Dijon,NEUILLY-CRIMOLOIS,4,0,0,0,4
20261210,87313379,Namps-Quevauvillers,NAMPS-MAISNIL,4,0,0,0,4
20261210,87784876,Bourg Madame,BOURG-MADAME,4,0,0,0,4
20261210,87784868,Osséja,OSSEJA,4,0,0,0,4
20261210,87595876,Belves,PAYS DE BELVES,4,0,0,0,4
20261210,87784850,Sainte-Léocadie,SAINTE-LEOCADIE,4,0,0,0,4
20261210,87586495,Sauveterre la Lémance,SAUVETERRE-LA-LEMANCE,4,0,0,0,4
20261210,87313841,Fouilloy,FOUILLOY,4,0,0,0,4
20261210,87756874,La Brigue,LA BRIGUE,4,0,0,0,4
20261210,87297051,Viry Noureuil,VIRY-NOUREUIL,4,0,0,0,4
20261210,87571547,Neuillé Pont-Pierre,NEUILLE-PONT-PIERRE,4,0,0,0,4
20261210,87713339,Villers les Pots,VILLERS-LES-POTS,4,0,0,0,4
20261210,87586479,Sainte-Bazeille,SAINTE-BAZEILLE,4,0,0,0,4
20261210,87756866,Saint-Dalmas de Tende,TENDE,4,0,0,0,4
20261210,87491076,Beillant,SAINT-SEVER-DE-SAINTONGE,4,0,0,0,4
20261210,87756882,Tende,TENDE,4,0,0,0,4
20261210,87271874,Crouy,CROUY,4,0,0,0,4
20261210,87316679,Pihen,PIHEN-LES-GUINES,4,0,0,0,4
20261210,87615260,Quillan,QUILLAN,4,0,0,0,4
20261210,87784827,Estavar,ESTAVAR,4,0,0,0,4
20261210,87694166,Broye,SAINT-SYMPHORIEN-DE-MARMAGNE,4,0,0,0,4
20261210,87317115,Pont de Briques,SAINT-ETIENNE-AU-MONT,4,0,0,0,4
20261210,87741421,Aiguebelette le Lac,AIGUEBELETTE-LE-LAC,4,0,0,0,4
20261210,87295725,Avesnelles,AVESNELLES,4,0,0,0,4
20261210,87694182,Marmagne sous Creusot,MARMAGNE,4,0,0,0,4
20261210,87615187,Alet les Bains,ALET-LES-BAINS,4,0,0,0,4
20261210,87595892,Villefranche du Périgord,LOUBEJAC,4,0,0,0,4
20261210,87317321,Caffiers,CAFFIERS,4,0,0,0,4
20261210,87641365,Magnette,AUDES,4,0,0,0,4
20261210,87295774,Dompierre,DOMPIERRE-SUR-HELPE,4,0,0,0,4
20261210,87783340,Campagnac Saint-Geniez,CAMPAGNAC,2,2,0,0,4
20261210,87775106,Uchaud,UCHAUD,4,0,0,0,4
20261210,87781534,Montpaon,FONDAMENTE,4,0,0,0,4
20261210,87784835,Saillagouse,SAILLAGOUSE,4,0,0,0,4
20261210,87297531,Saint-Hilaire,SAINT-HILAIRE-SUR-HELPE,4,0,0,0,4
20261210,87784884,Ur les Escaldes,UR,4,0,0,0,4
20261210,87575357,Epanvilliers,BLANZAY,4,0,0,0,4
20261210,87694174,Saint-Symphorien-de-Marmagne,SAINT-SYMPHORIEN-DE-MARMAGNE,4,0,0,0,4
20261210,87781575,Lunas,LUNAS-LES-CHATEAUX,4,0,0,0,4
20261210,87316687,Le Haut Banc,FERQUES,4,0,0,0,4
20261210,87694158,Mesvres,MESVRES,4,0,0,0,4
20261210,87597740,Lavaufranche,LAVAUFRANCHE,4,0,0,0,4
20261210,87597724,Parsac Gouzon,PARSAC,4,0,0,0,4
20261210,87393553,Nonancourt,NONANCOURT,4,0,0,0,4
20261210,87286856,Annappes,VILLENEUVE-D'ASCQ,4,0,0,0,4
20261210,87271601,Vaumoise,COYOLLES,4,0,0,0,4
20261210,87597708,Busseau sur Creuse,AHUN,4,0,0,0,4
20261210,87295790,Leval,LEVAL,4,0,0,0,4
20261210,87271783,Vierzy,VIERZY,4,0,0,0,4
20261210,87287128,Mont de Terre,LILLE,4,0,0,0,4
20261210,87474320,Pleyber Christ,PLEYBER-CHRIST,4,0,0,0,4
20261210,87784892,Bena Fanès,ENVEITG,4,0,0,0,4
20261210,87641217,Huriel,HURIEL,4,0,0,0,4
20261210,87615203,Couiza Montazels,MONTAZELS,4,0,0,0,4
20261210,87784843,Err,ERR,4,0,0,0,4
20261210,87783324,Banassac la Canourgue,BANASSAC-CANILHAC,2,2,0,0,4
20261210,87296178,Clacy Mons,CLACY-ET-THIERRET,4,0,0,0,4
20261210,87478263,Pontorson-Mont Saint-Michel,PONTORSON,4,0,0,0,4
20261210,87645176,Pers,LE ROUGET-PERS,4,0,0,0,4
20261210,87781559,Les Cabrils,ROQUEREDONDE,4,0,0,0,4
20261210,87574244,Ménars,MENARS,3,0,0,0,3
20261210,87696310,Villeneuve sur Allier,VILLENEUVE-SUR-ALLIER,3,0,0,0,3
20261210,87645150,La Capelle Viescamp,LACAPELLE-VIESCAMP,3,0,0,0,3
20261210,87576280,Lunery,LUNERY,3,0,0,0,3
20261210,87576306,Bigny,VALLENAY,3,0,0,0,3
20261210,87641191,La Ville Gozet,MONTLUCON,3,0,0,0,3
20261210,87641373,Les Trillers,VAUX,3,0,0,0,3
20261210,87576363,Luçay le Mâle,LUCAY-LE-MALE,3,0,0,0,3
20261210,87576348,Urçay,LA PERCHE,3,0,0,0,3
20261210,87571539,Saint-Antoine du Rocher,SAINT-ANTOINE-DU-ROCHER,3,0,0,0,3
20261210,87116517,La Ferté sous Jouarre,LA FERTE-SOUS-JOUARRE,3,0,0,0,3
20261210,87574236,Suèvres,SUEVRES,3,0,0,0,3
20261210,87645101,Ytrac,YTRAC,3,0,0,0,3
20261210,87574251,La Chaussée Saint-Victor,LA CHAUSSEE-SAINT-VICTOR,3,0,0,0,3
20261210,87287276,Ennevelin,TEMPLEUVE-EN-PEVELE,2,0,0,0,2
20261210,87295535,Louvroil,LOUVROIL,2,0,0,0,2
20261210,87474296,Guimiliau,GUIMILIAU,2,0,0,0,2
20261210,87487314,Pouzauges,LA MEILLERAIE-TILLAY,2,0,0,0,2
20261210,87342527,Farbus,FARBUS,2,0,0,0,2
20261210,87615351,Roqueserière Buzet,BUZET-SUR-TARN,2,0,0,0,2
20261210,87597096,Luant,LUANT,2,0,0,0,2
20261210,87473124,La Méaugon,LA MEAUGON,2,0,0,0,2
20261210,87783290,Chirac,BOURGS SUR COLAGNE,2,0,0,0,2
20261210,87487280,Cerizay,CERIZAY,2,0,0,0,2
20261210,87345553,Bertry,BERTRY,2,0,0,0,2
20261210,87342295,Steenbecque,STEENBECQUE,2,0,0,0,2
20261210,87783514,Les Salelles,LES SALELLES,2,0,0,0,2
20261210,87691436,Garchizy,GARCHIZY,2,0,0,0,2
20261210,87672113,Montaut Bétharram,MONTAUT,2,0,0,0,2
20261210,87345033,Loos en Gohelle,LENS,2,0,0,0,2
20261210,87345595,Wambaix,WAMBAIX,2,0,0,0,2
20261210,87671362,Saint-Pé de Bigorre,SAINT-PE-DE-BIGORRE,2,0,0,0,2
20261210,87691394,La Marche,LA MARCHE,2,0,0,0,2
20261210,87345546,Maurois,HONNECHY,2,0,0,0,2
20261210,87574301,Chouzy,VALLOIRE-SUR-CISSE,2,0,0,0,2
20261210,87295543,Sous le Bois,MAUBEUGE,2,0,0,0,2
20261210,87111864,Balsièges-Bourg,BALSIEGES,2,0,0,0,2
20261210,87474411,Plouigneau,PLOUIGNEAU,2,0,0,0,2
20261210,87783548,Le Bruel,ESCLANEDES,2,0,0,0,2
20261210,87574327,Veuves Monteaux,VEUZAIN-SUR-LOIRE,2,0,0,0,2
20261210,87342121,Mazingarbe,MAZINGARBE,2,0,0,0,2
20261210,87473199,Plounérin,PLOUNERIN,2,0,0,0,2
20261210,87342220,Chocques,CHOCQUES,2,0,0,0,2
20261210,87297515,Les Bons-Pères,ROUSIES,2,0,0,0,2
20261210,87345587,Cattenières,CATTENIERES,2,0,0,0,2
20261210,87144303,Lamarche,LAMARCHE,2,0,0,0,2
20261210,87342592,Bailleul Sire Berthoult,BAILLEUL-SIR-BERTHOULT,2,0,0,0,2
20261210,87597104,Lothiers,TENDU,2,0,0,0,2
20261210,87295022,Recquignies,RECQUIGNIES,2,0,0,0,2
20261210,87473165,Belle-Isle-Bégard,LOUARGAT,2,0,0,0,2
20261210,87342287,Thiennes,THIENNES,2,0,0,0,2
20261210,87582882,Lamothe Landerron,LAMOTHE-LANDERRON,2,0,0,0,2
20261210,87342204,Fouquereuil,FOUQUEREUIL,2,0,0,0,2
20261210,87286609,Nomain,NOMAIN,2,0,0,0,2
20261210,87571513,La Membrolle sur Choisille,SAINT-CYR-SUR-LOIRE,2,0,0,0,2
20261210,87473132,Plouvara-Plerneuf,PLOUVARA,2,0,0,0,2
20261210,87592733,Lafarge,SAINT-HILAIRE-LES-PLACES,2,0,0,0,2
20261210,87597112,Chabenet,LE PONT-CHRETIEN-CHABENET,2,0,0,0,2
20261210,87474312,Saint-Thégonnec,SAINT-THEGONNEC LOC-EGUINER,2,0,0,0,2
20261210,87144311,Rozieres sur Mouzon,ROZIERES-SUR-MOUZON,2,0,0,0,2
20261210,87144295,Martigny les Bains,MARTIGNY-LES-BAINS,2,0,0,0,2
20261210,87271577,Nanteuil le Haudouin,NANTEUIL-LE-HAUDOUIN,1,0,0,0,1
20261210,87271551,Le Plessis Belleville,LE PLESSIS-BELLEVILLE,1,0,0,0,1
20261210,87393843,Saint-Quentin en Yvelines,MONTIGNY-LE-BRETONNEUX,1,0,0,0,1
20261210,87276493,Montsoult-Maffliers,MONTSOULT,0,0,0,0,0
20261210,87116269,Guérard La Celle sur Morin,GUERARD,0,0,0,0,0
20261210,87393074,Issy,ISSY-LES-MOULINEAUX,0,0,0,0,0
20261210,87287193,Sainte-Marguerite,COMINES,0,0,0,0,0
20261210,87681361,Evry,EVRY-COURCOURONNES,0,0,0,0,0
20261210,11000046,Gare de Gaubert,DIGNE-LES-BAINS,0,0,0,0,0
20261210,87595595,La Bachellerie,SAINT-RABIER,0,0,0,0,0
20261210,11000001,Parc Imperial,NICE,0,0,0,0,0
20261210,87725457,Champlan,CHAMPLAN,0,0,0,0,0
20261210,87697342,Dugny - La Courneuve T11,LA COURNEUVE,0,0,0,0,0
20261210,87271304,La Courneuve Aubervilliers,LA COURNEUVE,0,0,0,0,0
20261210,11000015,Gare de Plan du Var,LEVENS,0,0,0,0,0
20261210,87113886,L'Abbaye,LIVRY-GARGAN,0,0,0,0,0
20261210,87753228,Berre,BERRE-L'ETANG,0,0,0,0,0
20261210,87764571,Bagnols-sur-Cèze,BAGNOLS-SUR-CEZE,0,0,0,0,0
20261210,11000009,Colomars,COLOMARS,0,0,0,0,0
20261210,87981902,Avignon TGV,AVIGNON,0,0,0,0,0
20261210,87115873,Champbenoist-Poigny,POIGNY,0,0,0,0,0
20261210,87393173,Chaville-Vélizy,VIROFLAY,0,0,0,0,0
20261210,87733683,Lisière Pereire,SAINT-GERMAIN-EN-LAYE,0,0,0,0,0
20261210,87381087,Colombes,COLOMBES,0,0,0,0,0
20261210,87381020,Neuilly Porte Maillot,PARIS,0,0,0,0,0
20261210,87271478,Le Blanc Mesnil,LE BLANC-MESNIL,0,0,0,0,0
20261210,11000008,Bellet,NICE,0,0,0,0,0
20261210,87561143,Halte de Fontanil – Lycée de Drap,DRAP,0,0,0,0,0
20261210,11000048,Plan D'eau des Ferreols,DIGNE-LES-BAINS,0,0,0,0,0
20261210,11000007,St Sauveur,NICE,0,0,0,0,0
20261210,87491159,Fontaines d'Ozillac,FONTAINES-D'OZILLAC,0,0,0,0,0
20261210,87381152,Boissy l'Aillerie,BOISSY-L'AILLERIE,0,0,0,0,0
20261210,11000006,Gare de Lingostière,NICE,0,0,0,0,0
20261210,87382473,L' Etang la Ville,L'ETANG-LA-VILLE,0,0,0,0,0
20261210,87382465,Marly le Roi,MARLY-LE-ROI,0,0,0,0,0
20261210,87393538,Vauboyen,JOUY-EN-JOSAS,0,0,0,0,0
20261210,87710921,Les Portes de Saint-Cyr,VERSAILLES,0,0,0,0,0
20261210,87594739,Vayrac,VAYRAC,0,0,0,0,0
20261210,87113712,Val de Fontenay,FONTENAY-SOUS-BOIS,0,0,0,0,0
20261210,11000010,La Bedoule,COLOMARS,0,0,0,0,0
20261210,11000047,Gambetta,NICE,0,0,0,0,0
20261210,87594655,Vignols Saint Solve,SAINT-SOLVE,0,0,0,0,0
20261210,87726109,L'Etang les Sablons,L'ETANG-LA-VILLE,0,0,0,0,0
20261210,87759605,Gare de Nice Cp,NICE,0,0,0,0,0
20261210,87172544,Liart,LIART,0,0,0,0,0
20261210,87540179,Dourdan la Forêt,DOURDAN,0,0,0,0,0
20261210,11000002,St-Philippe,NICE,0,0,0,0,0
20261210,11000014,Baux Roux,LA ROQUETTE-SUR-VAR,0,0,0,0,0
20261210,11000013,Pont Charles Albert,LA ROQUETTE-SUR-VAR,0,0,0,0,0
20261210,11000012,Gare de Saint Martin du Var,SAINT-MARTIN-DU-VAR,0,0,0,0,0
20261210,87184259,Chèvremont,CHEVREMONT,0,0,0,0,0
20261210,87415349,Glos-Montfort,GLOS-SUR-RISLE,0,0,0,0,0
20261210,11000003,Gare de la Madeleine,NICE,0,0,0,0,0
20261210,11000004,Cremat-Pal,NICE,0,0,0,0,0
20261210,87271460,Aéroport Charles de Gaulle 1,TREMBLAY-EN-FRANCE,0,0,0,0,0
20261210,11000005,Gare de Saint Isidore,NICE,0,0,0,0,0
20261210,11000011,Castagniers,CASTAGNIERS,0,0,0,0,0
20261210,87697334,Stains La Cerisaie T11,STAINS,0,0,0,0,0
20261210,87181024,Hasenrain,MULHOUSE,0,0,0,0,0
20261210,11000016,Chaudan,UTELLE,0,0,0,0,0
20261210,11000045,St Jurson,LE CHAFFAUT-SAINT-JURSON,0,0,0,0,0
20261210,87641290,La Miouze-Rochefort,GELLES,0,0,0,0,0
20261210,11000031,Gare D'annot,ANNOT,0,0,0,0,0
20261210,87484063,Trélazé,TRELAZE,0,0,0,0,0
20261210,87686030,Paris-Gare-de-Lyon-Souterrain,PARIS,0,0,0,0,0
20261210,87381491,Andrésy,ANDRESY,0,0,0,0,0
20261210,11000030,Gare des Scaffarels,ANNOT,0,0,0,0,0
20261210,87546200,Orly Ville,ORLY,0,0,0,0,0
20261210,11000029,Gare de Saint Benoit,SAINT-BENOIT,0,0,0,0,0
20261210,87116178,Sainte-Colombe-Septveilles,SAINTE-COLOMBE,0,0,0,0,0
20261210,87386649,Villennes sur Seine,VILLENNES-SUR-SEINE,0,0,0,0,0
20261210,87697326,Pierrefite-Stains TT,SAINT-DENIS,0,0,0,0,0
20261210,11000028,Gare de Pont de Gueydan,SAINT-BENOIT,0,0,0,0,0
20261210,87393280,Les Essarts le Roi,LES ESSARTS-LE-ROI,0,0,0,0,0
20261210,87381871,La Frette Montigny,LA FRETTE-SUR-SEINE,0,0,0,0,0
20261210,87281337,Courghain,GRANDE-SYNTHE,0,0,0,0,0
20261210,87386011,Nanterre La Folie,NANTERRE,0,0,0,0,0
20261210,87474791,Châteaulin,CHATEAULIN,0,0,0,0,0
20261210,87545202,Saint-Michel sur Orge,SAINT-MICHEL-SUR-ORGE,0,0,0,0,0
20261210,87271205,Gennevilliers,GENNEVILLIERS,0,0,0,0,0
20261210,11000039,Gare de Saint André les Alpes,SAINT-ANDRE-LES-ALPES,0,0,0,0,0
20261210,11000040,Gare de Moriez,MORIEZ,0,0,0,0,0
20261210,11000041,Gare de Barrème,BARREME,0,0,0,0,0
20261210,11000027,Agnerc,ENTREVAUX,0,0,0,0,0
20261210,87681346,Orangis Bois de l'Epine,RIS-ORANGIS,0,0,0,0,0
20261210,11000032,Lunieres,LE FUGERET,0,0,0,0,0
20261210,87116731,Couilly-Saint-Germain-Quincy,SAINT-GERMAIN-SUR-MORIN,0,0,0,0,0
20261210,87756007,Nice Saint-Roch,NICE,0,0,0,0,0
20261210,87654798,Rosa Parks,PARIS,0,0,0,0,0
20261210,11000037,Gare D'allons-Argens,ALLONS,0,0,0,0,0
20261210,87116665,Mareuil sur Ourcq,MAREUIL-SUR-OURCQ,0,0,0,0,0
20261210,87393645,Gravigny Balizy,LONGJUMEAU,0,0,0,0,0
20261210,87764555,Pont-Saint-Esprit,PONT-SAINT-ESPRIT,0,0,0,0,0
20261210,11000036,Gare de Thorame-Haute,THORAME-HAUTE,0,0,0,0,0
20261210,87141598,Tantonville,TANTONVILLE,0,0,0,0,0
20261210,11000038,Gare de la Mure-Argens,LA MURE-ARGENS,0,0,0,0,0
20261210,87474569,Saint-Pol de Léon,SAINT-POL-DE-LEON,0,0,0,0,0
20261210,87413740,Rolleville,ROLLEVILLE,0,0,0,0,0
20261210,87381889,Herblay,HERBLAY-SUR-SEINE,0,0,0,0,0
20261210,87520299,Nice Pont Michel,NICE,0,0,0,0,0
20261210,87444620,Rai-Aube,RAI,0,0,0,0,0
20261210,87697318,Villetaneuse Université,VILLETANEUSE,0,0,0,0,0
20261210,87697292,Épinay-sur-Seine TT,EPINAY-SUR-SEINE,0,0,0,0,0
20261210,87175141,Eurville,EURVILLE-BIENVILLE,0,0,0,0,0
20261210,11000035,Peyresq,THORAME-HAUTE,0,0,0,0,0
20261210,11000034,Gare de Méailles,MEAILLES,0,0,0,0,0
20261210,87484238,Trémentines,TREMENTINES,0,0,0,0,0
20261210,87682005,Melun,MELUN,0,0,0,0,0
20261210,87144105,Raves Ban de Laveline,RAVES,0,0,0,0,0
20261210,11000033,Gare du Fugeret,LE FUGERET,0,0,0,0,0
20261210,87444588,Le Merlerault,MERLERAULT-LE-PIN,0,0,0,0,0
20261210,11000042,Gare de Chaudon-Norante,CHAUDON-NORANTE,0,0,0,0,0
20261210,87214510,Holtzheim,HOLTZHEIM,0,0,0,0,0
20261210,87141556,Pierreville,PIERREVILLE,0,0,0,0,0
20261210,87213454,Hunspach,HUNSPACH,0,0,0,0,0
20261210,11000020,Tournel,TOUET-SUR-VAR,0,0,0,0,0
20261210,87276147,Epluches,SAINT-OUEN-L'AUMONE,0,0,0,0,0
20261210,11000019,Gare de Villars Sur Var,VILLARS-SUR-VAR,0,0,0,0,0
20261210,87581397,Pointe de Grave,LE VERDON-SUR-MER,0,0,0,0,0
20261210,87393272,Coignières,COIGNIERES,0,0,0,0,0
20261210,87681619,Villabé,VILLABE,0,0,0,0,0
20261210,87276584,Ermont Halte,ERMONT,0,0,0,0,0
20261210,87191635,Sierck les Bains,SIERCK-LES-BAINS,0,0,0,0,0
20261210,87697300,Épinay-Villetaneuse TT,MONTMAGNY,0,0,0,0,0
20261210,87144287,Contrexéville,CONTREXEVILLE,0,0,0,0,0
20261210,87381822,Thun le Paradis,MEULAN-EN-YVELINES,0,0,0,0,0
20261210,87276501,Presles-Courcelles,PRESLES,0,0,0,0,0
20261210,87534131,Ermont-Eaubonne (PSL),ERMONT,0,0,0,0,0
20261210,87673632,Jatxou,USTARITZ,0,0,0,0,0
20261210,11000018,Gare de Malaussène,MALAUSSENE,0,0,0,0,0
20261210,87641399,Le Vauriat,SAINT-OURS,0,0,0,0,0
20261210,87710913,Allée Royale,SAINT-CYR-L'ECOLE,0,0,0,0,0
20261210,87286245,Quesnoy sur Deûle,QUESNOY-SUR-DEULE,0,0,0,0,0
20261210,87710780,Bailly,BAILLY,0,0,0,0,0
20261210,11000017,Gare de la Tinée,UTELLE,0,0,0,0,0
20261210,87681627,Le Plessis Chenet,LE COUDRAY-MONTCEAUX,0,0,0,0,0
20261210,87733667,Mareil-Marly,MAREIL-MARLY,0,0,0,0,0
20261210,87113795,Villiers sur Marne Le Plessis Trévise,VILLIERS-SUR-MARNE,0,0,0,0,0
20261210,11000043,Gare de Chabrière,ENTRAGES,0,0,0,0,0
20261210,87393421,Plaisir-Grignon,PLAISIR,0,0,0,0,0
20261210,87001479,Roissy-Aéroport-Charles-de-Gaulle 2-TGV (RER),LE MESNIL-AMELOT,0,0,0,0,0
20261210,87393124,Sèvres Rive Gauche,SEVRES,0,0,0,0,0
20261210,87725465,Massy Europe,MASSY,0,0,0,0,0
20261210,87193649,Zetting,ZETTING,0,0,0,0,0
20261210,11000026,Plan D'entrevaux,ENTREVAUX,0,0,0,0,0
20261210,87682518,Boissise le Roi,BOISSISE-LE-ROI,0,0,0,0,0
20261210,11000025,Gare D'entrevaux,ENTREVAUX,0,0,0,0,0
20261210,87276519,Champagne sur Oise,CHAMPAGNE-SUR-OISE,0,0,0,0,0
20261210,11000024,Gare de Puget-Théniers,PUGET-THENIERS,0,0,0,0,0
20261210,87386300,Les Vallées,LA GARENNE-COLOMBES,0,0,0,0,0
20261210,87751636,Séon Saint-Henry,MARSEILLE,0,0,0,0,0
20261210,87545277,Villeneuve le Roi,VILLENEUVE-LE-ROI,0,0,0,0,0
20261210,11000023,Clos,PUGET-THENIERS,0,0,0,0,0
20261210,11000044,Gare de Mézel,MEZEL,0,0,0,0,0
20261210,87142406,Merrey,MERREY,0,0,0,0,0
20261210,11000022,Rigaud-Le-Cians,RIGAUD,0,0,0,0,0
20261210,87517912,Bidos,BIDOS,0,0,0,0,0
20261210,87547026,Paris-Austerlitz-Souterrain,PARIS,0,0,0,0,0
20261210,87113217,Noisy le Sec,NOISY-LE-SEC,0,0,0,0,0
20261210,11000021,Gare de Touët Sur Var,TOUET-SUR-VAR,0,0,0,0,0
20261210,87142265,Gudmont,GUDMONT-VILLIERS,0,0,0,0,0
20261210,87545475,Egly,EGLY,0,0,0,0,0
20261210,87116160,Provins,PROVINS,0,0,0,0,0
20261210,87386763,Epône-Mézières,EPONE,0,0,0,0,0
20261210,87287169,Marquette,MARQUETTE-LEZ-LILLE,0,0,0,0,0
20261210,87386318,Nanterre Université,NANTERRE,0,0,0,0,0
20261210,87276568,Viarmes,VIARMES,0,0,0,0,0
20261210,87381830,Meulan-Hardricourt,HARDRICOURT,0,0,0,0,0
20261210,87393546,Bièvres,BIEVRES,0,0,0,0,0
20261210,87317495,Chépy-Valines,CHEPY,0,0,0,0,0
20261210,87144477,Saint-Leonard,SAINT-LEONARD,0,0,0,0,0
20261210,87413203,Le Havre-Graville,LE HAVRE,0,0,0,0,0
20261210,87116673,La Ferté Milon,LA FERTE-MILON,0,0,0,0,0
20261210,87171637,Sillery,SILLERY,0,0,0,0,0
20261210,87381137,Asnières sur Seine,ASNIERES-SUR-SEINE,0,0,0,0,0
20261210,87337378,Dives sur Mer Port Guillaume,DIVES-SUR-MER,0,0,0,0,0
20261210,87381863,Cormeilles en Parisis,CORMEILLES-EN-PARISIS,0,0,0,0,0
20261210,87681809,Villeneuve Triage,VILLENEUVE-SAINT-GEORGES,0,0,0,0,0
20261210,87164798,La Plaine Stade de France,SAINT-DENIS,0,0,0,0,0
20261210,87545251,Athis Mons,ATHIS-MONS,0,0,0,0,0
20261210,87641241,Eygurande-Merlines,MERLINES,0,0,0,0,0
20261210,87382440,Bougival,LA CELLE-SAINT-CLOUD,0,0,0,0,0
20261210,87641274,Laqueuille,SAINT-JULIEN-PUY-LAVEZE,0,0,0,0,0
20261210,87338590,Monte Carlo Country Club,ROQUEBRUNE-CAP-MARTIN,0,0,0,0,0
20261210,87393629,Plaisir les Clayes,PLAISIR,0,0,0,0,0
20261210,87545186,Marolles en Hurepoix,MAROLLES-EN-HUREPOIX,0,0,0,0,0
20261210,87287185,Deulémont,QUESNOY-SUR-DEULE,0,0,0,0,0
20261210,87276220,Villiers le Bel Gonesse Arnouville,ARNOUVILLE,0,0,0,0,0
20261210,87476267,Les Sables Blancs,PLOUHARNEL,0,0,0,0,0
20261210,87447714,Saint-Sever,NOUES DE SIENNE,0,0,0,0,0
20261210,87393298,Le Perray,LE PERRAY-EN-YVELINES,0,0,0,0,0
20261210,87116558,Nanteuil-Saâcy,SAACY-SUR-MARNE,0,0,0,0,0
20261210,87281873,Magenta,PARIS,0,0,0,0,0
20261210,87276022,Enghien les Bains,ENGHIEN-LES-BAINS,0,0,0,0,0
20261210,87193656,Wittring,WITTRING,0,0,0,0,0
20261210,87191353,Hombourg Budange,HOMBOURG-BUDANGE,0,0,0,0,0
20261210,87682468,Vernou sur Seine,VERNOU-LA-CELLE-SUR-SEINE,0,0,0,0,0
20261210,87476440,Saint-Pierre Quiberon,SAINT-PIERRE-QUIBERON,0,0,0,0,0
20261210,87381178,Us,US,0,0,0,0,0
20261210,87592675,Verneuil sur Vienne,VERNEUIL-SUR-VIENNE,0,0,0,0,0
20261210,87386664,Les Clairières de Verneuil,VERNEUIL-SUR-SEINE,0,0,0,0,0
20261210,87116616,Isles-Armentières -Congis,ISLES-LES-MELDEUSES,0,0,0,0,0
20261210,87116681,Neuilly Saint Front,VICHEL-NANTEUIL,0,0,0,0,0
20261210,87116244,Mortcerf,MORTCERF,0,0,0,0,0
20261210,87276642,Bessancourt,BESSANCOURT,0,0,0,0,0
20261210,87116095,Nangis,NANGIS,0,0,0,0,0
20261210,87272047,Compans,COMPANS,0,0,0,0,0
20261210,87276543,Auvers sur Oise,AUVERS-SUR-OISE,0,0,0,0,0
20261210,87682252,Thomery,FONTAINEBLEAU,0,0,0,0,0
20261210,87116327,Esbly,ESBLY,0,0,0,0,0
20261210,87116491,Trilport,TRILPORT,0,0,0,0,0
20261210,87682203,Bois le Roi,BOIS-LE-ROI,0,0,0,0,0
20261210,87281899,Haussmann-Saint-Lazare,PARIS,0,0,0,0,0
20261210,87113779,Les Boullereaux-Champigny,CHAMPIGNY-SUR-MARNE,0,0,0,0,0
20261210,87116574,Chézy sur Marne,CHEZY-SUR-MARNE,0,0,0,0,0
20261210,87175737,Clermont en Argonne,CLERMONT-EN-ARGONNE,0,0,0,0,0
20261210,87681635,Le Coudray-Montceaux,LE COUDRAY-MONTCEAUX,0,0,0,0,0
20261210,87586404,Pont du Casse,PONT-DU-CASSE,0,0,0,0,0
20261210,87611962,Fenouillet Saint-Alban,FENOUILLET,0,0,0,0,0
20261210,87191619,Koenigsmacker,KOENIGSMACKER,0,0,0,0,0
20261210,87113852,Les Pavillons sous Bois,LES PAVILLONS-SOUS-BOIS,0,0,0,0,0
20261210,87386052,Achères-Grand-Cormier,SAINT-GERMAIN-EN-LAYE,0,0,0,0,0
20261210,87594663,Pompadour,ARNAC-POMPADOUR,0,0,0,0,0
20261210,87476432,Kerhostin,SAINT-PIERRE-QUIBERON,0,0,0,0,0
20261210,87381418,Eragny-Neuville,ERAGNY,0,0,0,0,0
20261210,87276196,Garges-Sarcelles,GARGES-LES-GONESSE,0,0,0,0,0
20261210,87546291,Rungis la Fraternelle,RUNGIS,0,0,0,0,0
20261210,87474635,Roscoff,ROSCOFF,0,0,0,0,0
20261210,87478511,Louverné,LOUVERNE,0,0,0,0,0
20261210,87547307,Musée d'Orsay,PARIS,0,0,0,0,0
20261210,87386425,Maisons Laffitte,MAISONS-LAFFITTE,0,0,0,0,0
20261210,87175133,Bayard,BAYARD-SUR-MARNE,0,0,0,0,0
20261210,87682104,Montgeron-Crosne,MONTGERON,0,0,0,0,0
20261210,87382432,La Celle Saint-Cloud,LA CELLE-SAINT-CLOUD,0,0,0,0,0
20261210,87671313,Ossun,OSSUN,0,0,0,0,0
20261210,87381459,Conflans fin d'Oise,CONFLANS-SAINTE-HONORINE,0,0,0,0,0
20261210,87193623,Rémelfing,REMELFING,0,0,0,0,0
20261210,87476275,L'Isthme,SAINT-PIERRE-QUIBERON,0,0,0,0,0
20261210,87683672,Lucy sur Cure Bessy,LUCY-SUR-CURE,0,0,0,0,0
20261210,87545285,Choisy le Roi,CHOISY-LE-ROI,0,0,0,0,0
20261210,87382259,Garches-Marnes la Coquette,GARCHES,0,0,0,0,0
20261210,87545491,Breuillet Village,BREUILLET,0,0,0,0,0
20261210,87191627,Malling,MALLING,0,0,0,0,0
20261210,87545517,Sermaise,SERMAISE,0,0,0,0,0
20261210,87476416,Plouharnel-Carnac,PLOUHARNEL,0,0,0,0,0
20261210,87393447,Orgerus Béhoust,ORGERUS,0,0,0,0,0
20261210,87193672,Herbitzheim,HERBITZHEIM,0,0,0,0,0
20261210,87393504,Petit Jouy les Loges,JOUY-EN-JOSAS,0,0,0,0,0
20261210,87276576,Luzarches,LUZARCHES,0,0,0,0,0
20261210,87381574,Issou-Porcheville,ISSOU,0,0,0,0,0
20261210,87393066,Javel,PARIS,0,0,0,0,0
20261210,87576355,La Gauterie,VEUIL,0,0,0,0,0
20261210,87171264,Trois Puits,TROIS-PUITS,0,0,0,0,0
20261210,87447144,Carantilly Marigny,CARANTILLY,0,0,0,0,0
20261210,87447185,Pont Hébert,LA MEAUFFE,0,0,0,0,0
20261210,87144196,Corcieux Vanemont,LA HOUSSIERE,0,0,0,0,0
20261210,87175711,Les Islettes,LES ISLETTES,0,0,0,0,0
20261210,87393041,Pont de l'Alma,PARIS,0,0,0,0,0
20261210,87444547,Ecouché,ECOUCHE-LES-VALLEES,0,0,0,0,0
20261210,87393637,Chilly Mazarin,CHILLY-MAZARIN,0,0,0,0,0
20261210,87116012,Gretz Armainvilliers,GRETZ-ARMAINVILLIERS,0,0,0,0,0
20261210,87113696,Rosny Bois Perrier,ROSNY-SOUS-BOIS,0,0,0,0,0
20261210,87191379,Ebersviller,EBERSVILLER,0,0,0,0,0
20261210,87337980,Saint-Ouen l'Aumône Liesse,SAINT-OUEN-L'AUMONE,0,0,0,0,0
20261210,87681387,Evry-Courcouronnes,EVRY-COURCOURONNES,0,0,0,0,0
20261210,87141622,Praye sous Vaudemont,PRAYE,0,0,0,0,0
20261210,87116749,Villiers Montbarbin,CRECY-LA-CHAPELLE,0,0,0,0,0
20261210,87276170,Saint-Gratien,SAINT-GRATIEN,0,0,0,0,0
20261210,87276063,Cernay (Val d'Oise),ERMONT,0,0,0,0,0
20261210,87174870,Sainte-Ménéhould,SAINTE-MENEHOULD,0,0,0,0,0
20261210,87382812,Mareil Marly,MAREIL-MARLY,0,0,0,0,0
20261210,87597849,Felletin,FELLETIN,0,0,0,0,0
20261210,87382358,Saint-Cloud,SAINT-CLOUD,0,0,0,0,0
20261210,87681601,Essonnes Robinson,CORBEIL-ESSONNES,0,0,0,0,0
20261210,87276626,Vaucelles,TAVERNY,0,0,0,0,0
20261210,87484113,Ecouflant,ECOUFLANT,0,0,0,0,0
20261210,87382804,Saint-Germain Grande Ceinture,SAINT-GERMAIN-EN-LAYE,0,0,0,0,0
20261210,87393413,Villepreux les Clayes,LES CLAYES-SOUS-BOIS,0,0,0,0,0
20261210,87682120,Brunoy,BRUNOY,0,0,0,0,0
20261210,87144329,Lesseux-Frapelle,LUSSE,0,0,0,0,0
20261210,87545293,Vitry sur Seine,VITRY-SUR-SEINE,0,0,0,0,0
20261210,87393835,Trappes,TRAPPES,0,0,0,0,0
20261210,87682443,Vulaines sur Seine Samoreau,VULAINES-SUR-SEINE,0,0,0,0,0
20261210,87276287,La Borne Blanche,ORRY-LA-VILLE,0,0,0,0,0
20261210,87381194,Chars,CHARS,0,0,0,0,0
20261210,87381293,Gournay Ferrières,FERRIERES-EN-BRAY,0,0,0,0,0
20261210,87386573,Poissy,POISSY,0,0,0,0,0
20261210,87316422,Villers sur Thère,ALLONNE,0,0,0,0,0
20261210,87317511,Woincourt,WOINCOURT,0,0,0,0,0
20261210,87113407,Bondy,BONDY,0,0,0,0,0
20261210,87682476,La Grande Paroisse,LA GRANDE-PAROISSE,0,0,0,0,0
20261210,87271163,Pierrefitte-Stains,SAINT-DENIS,0,0,0,0,0
20261210,87381905,Cergy Préfecture,CERGY,0,0,0,0,0
20261210,87681304,Vigneux sur Seine,VIGNEUX-SUR-SEINE,0,0,0,0,0
20261210,87393363,Beynes,BEYNES,0,0,0,0,0
20261210,87381798,Val d'Argenteuil,ARGENTEUIL,0,0,0,0,0
20261210,87618058,Pommevic,POMMEVIC,0,0,0,0,0
20261210,87317503,Feuquières-Fressenville,FEUQUIERES-EN-VIMEU,0,0,0,0,0
20261210,87764472,Le Teil,LE TEIL,0,0,0,0,0
20261210,87116038,Roissy en Brie,ROISSY-EN-BRIE,0,0,0,0,0
20261210,87682435,Héricy,HERICY,0,0,0,0,0
20261210,87393520,Saint-Germain-Saint-Rémy,SAINT-GERMAIN-SUR-AVRE,0,0,0,0,0
20261210,87743591,Molinges,CHASSAL-MOLINGES,0,0,0,0,0
20261210,87543181,Boulainvilliers,PARIS,0,0,0,0,0
20261210,87193805,Enchenberg,ENCHENBERG,0,0,0,0,0
20261210,87545467,Arpajon,ARPAJON,0,0,0,0,0
20261210,87382200,Courbevoie,COURBEVOIE,0,0,0,0,0
20261210,87775494,Bessèges,BESSEGES,0,0,0,0,0
20261210,87214759,Saulxures (Bas-Rhin),COLROY-LA-ROCHE,0,0,0,0,0
20261210,87681312,Viry Châtillon,VIRY-CHATILLON,0,0,0,0,0
20261210,87681338,Ris Orangis,RIS-ORANGIS,0,0,0,0,0
20261210,87681379,Grigny Centre,GRIGNY,0,0,0,0,0
20261210,87383281,Massy-Verrières,MASSY,0,0,0,0,0
20261210,87592840,Coussac-Bonneval,COUSSAC-BONNEVAL,0,0,0,0,0
20261210,87681155,Maisons Alfort Alfortville,MAISONS-ALFORT,0,0,0,0,0
20261210,87444398,Villers sur Mer,VILLERS-SUR-MER,0,0,0,0,0
20261210,87276055,Ermont-Eaubonne,ERMONT,0,0,0,0,0
20261210,87393561,Igny,IGNY,0,0,0,0,0
20261210,87393033,Invalides,PARIS,0,0,0,0,0
20261210,87382374,Suresnes Mont Valérien,SURESNES,0,0,0,0,0
20261210,87191643,Apach Moselle,SIERCK-LES-BAINS,0,0,0,0,0
20261210,87271437,Vert Galant,VILLEPINTE,0,0,0,0,0
20261210,87584425,Couze,LALINDE,0,0,0,0,0
20261210,87175075,Fronville,FRONVILLE,0,0,0,0,0
20261210,87476424,Penthièvre,SAINT-PIERRE-QUIBERON,0,0,0,0,0
20261210,87444380,Blonville sur Mer Bénerville,BLONVILLE-SUR-MER,0,0,0,0,0
20261210,87116228,Marles en Brie,LA HOUSSAYE-EN-BRIE,0,0,0,0,0
20261210,87545350,Saint-Martin d'Etampes,ETAMPES,0,0,0,0,0
20261210,87276360,Groslay,GROSLAY,0,0,0,0,0
20261210,87271775,Longpont,LONGPONT,0,0,0,0,0
20261210,87751495,Digne,DIGNE-LES-BAINS,0,0,0,0,0
20261210,87411413,Saint-Martin du Vivier,SAINT-MARTIN-DU-VIVIER,0,0,0,0,0
20261210,87382499,Cergy Saint-Christophe,CERGY,0,0,0,0,0
20261210,87684407,Boigneville,BOIGNEVILLE,0,0,0,0,0
20261210,87597823,Aubusson,AUBUSSON,0,0,0,0,0
20261210,87174433,Bouy,BOUY,0,0,0,0,0
20261210,87193540,Hundling,HUNDLING,0,0,0,0,0
20261210,87191239,Hayange,HAYANGE,0,0,0,0,0
20261210,87393611,Longjumeau,LONGJUMEAU,0,0,0,0,0
20261210,87775064,Manduel-Redessan,MANDUEL,0,0,0,0,0
20261210,87142497,Damblain,DAMBLAIN,0,0,0,0,0
20261210,87393157,"Versailles Rive Gauche
 - Château de Versailles",VERSAILLES,0,0,0,0,0
20261210,87381236,Trie Château,TRIE-CHATEAU,0,0,0,0,0
20261210,87545483,Breuillet-Bruyères le Châtel,BREUILLET,0,0,0,0,0
20261210,87681437,Ballancourt,BALLANCOURT-SUR-ESSONNE,0,0,0,0,0
20261210,87393306,Issy Val de Seine,ISSY-LES-MOULINEAUX,0,0,0,0,0
20261210,87583427,La Rochefoucauld,LA ROCHEFOUCAULD-EN-ANGOUMOIS,0,0,0,0,0
20261210,87381012,Péreire Levallois,PARIS,0,0,0,0,0
20261210,87276139,Pontoise,PONTOISE,0,0,0,0,0
20261210,87271510,Villeparisis-Mitry le Neuf,MITRY-MORY,0,0,0,0,0
20261210,87543207,"Avenue du Président Kennedy
 (Maison de Radio France)",PARIS,0,0,0,0,0
20261210,87144188,Biffontaine,BIFFONTAINE,0,0,0,0,0
20261210,87393256,La Verrière,LA VERRIERE,0,0,0,0,0
20261210,87381111,Pont Cardinet,PARIS,0,0,0,0,0
20261210,87742031,Ambilly,SAINT-GERMAIN-DE-SALLES,0,0,0,0,0
20261210,87271882,Margival,MARGIVAL,0,0,0,0,0
20261210,87193516,Farebersviller,FAREBERSVILLER,0,0,0,0,0
20261210,87684191,Bagneaux sur Loing,BAGNEAUX-SUR-LOING,0,0,0,0,0
20261210,87276030,Champ de Courses d'Enghien,SOISY-SOUS-MONTMORENCY,0,0,0,0,0
20261210,87682153,Lieusaint-Moissy,LIEUSAINT,0,0,0,0,0
20261210,87382457,Louveciennes,LOUVECIENNES,0,0,0,0,0
20261210,87592188,Barsanges,PEROLS-SUR-VEZERE,0,0,0,0,0
20261210,87682419,Chartrettes,CHARTRETTES,0,0,0,0,0
20261210,87141606,Vézelise,VEZELISE,0,0,0,0,0
20261210,87194357,Audun le Roman,AUDUN-LE-ROMAN,0,0,0,0,0
20261210,87756890,Vievola,TENDE,0,0,0,0,0
20261210,87276402,Saint-Leu d'Esserent,SAINT-LEU-D'ESSERENT,0,0,0,0,0
20261210,87682179,Le Mée,LE MEE-SUR-SEINE,0,0,0,0,0
20261210,87116319,Lagny-Thorigny,THORIGNY-SUR-MARNE,0,0,0,0,0
20261210,87286807,Genech,GENECH,0,0,0,0,0
20261210,87781179,Nissan,NISSAN-LEZ-ENSERUNE,0,0,0,0,0
20261210,87271015,Saint-Denis,SAINT-DENIS,0,0,0,0,0
20261210,87276600,Saint-Leu-la-Forêt,SAINT-LEU-LA-FORET,0,0,0,0,0
20261210,87545269,Ablon,ABLON-SUR-SEINE,0,0,0,0,0
20261210,87113704,Rosny sous Bois,ROSNY-SOUS-BOIS,0,0,0,0,0
20261210,87393058,Champ de Mars -Tour Eiffel,PARIS,0,0,0,0,0
20261210,87545152,Chamarande,CHAMARANDE,0,0,0,0,0
20261210,87276535,Valmondois,BUTRY-SUR-OISE,0,0,0,0,0
20261210,87611129,Labarthe Inard,LABARTHE-INARD,0,0,0,0,0
20261210,87276527,L' Isle Adam-Parmain,PARMAIN,0,0,0,0,0
20261210,87116640,Crouy sur Ourcq,CROUY-SUR-OURCQ,0,0,0,0,0
20261210,87545160,Lardy,LARDY,0,0,0,0,0
20261210,87193714,Sarralbe,SARRALBE,0,0,0,0,0
20261210,87583443,Chasseneuil sur Bonnieure,CHASSENEUIL-SUR-BONNIEURE,0,0,0,0,0
20261210,87276246,Goussainville,GOUSSAINVILLE,0,0,0,0,0
20261210,87171348,Bazoches,BAZOCHES-ET-SAINT-THIBAUT,0,0,0,0,0
20261210,87276451,Bruyères sur Oise,BRUYERES-SUR-OISE,0,0,0,0,0
20261210,87396259,Rouessé Vasse,ROUESSE-VASSE,0,0,0,0,0
20261210,87682427,Fontaine le Port,FONTAINE-LE-PORT,0,0,0,0,0
20261210,87393454,Tacoignières-Richebourg,TACOIGNIERES,0,0,0,0,0
20261210,87682526,Ponthierry-Pringy,SAINT-FARGEAU-PONTHIERRY,0,0,0,0,0
20261210,87393512,Jouy en Josas,JOUY-EN-JOSAS,0,0,0,0,0
20261210,87276345,Deuil-Montmagny,DEUIL-LA-BARRE,0,0,0,0,0
20261210,87684233,Dordives,DORDIVES,0,0,0,0,0
20261210,87444414,Dives-Cabourg,DIVES-SUR-MER,0,0,0,0,0
20261210,87191098,Walygator parc,MAIZIERES-LES-METZ,0,0,0,0,0
20261210,87382481,Saint-Nom la Bretèche Forêt de Marly,L'ETANG-LA-VILLE,0,0,0,0,0
20261210,87271403,Drancy,DRANCY,0,0,0,0,0
20261210,87272286,Corcy,CORCY,0,0,0,0,0
20261210,87113472,Le Raincy-Villemomble-Montfermeil,LE RAINCY,0,0,0,0,0
20261210,87276634,Taverny,TAVERNY,0,0,0,0,0
20261210,87382879,Montreuil,VERSAILLES,0,0,0,0,0
20261210,87113209,Pantin,PANTIN,0,0,0,0,0
20261210,87583203,Ruelle,RUELLE-SUR-TOUVRE,0,0,0,0,0
20261210,87381210,Liancourt-Saint-Pierre,LIANCOURT-SAINT-PIERRE,0,0,0,0,0
20261210,87595504,Périgueux Saint Georges,PERIGUEUX,0,0,0,0,0
20261210,87988709,La Remise à Jorelle,BONDY,0,0,0,0,0
20261210,87181057,Tagolsheim,TAGOLSHEIM,0,0,0,0,0
20261210,87592873,Chabanais,CHABANAIS,0,0,0,0,0
20261210,87116020,Ozoir la Ferrière,OZOIR-LA-FERRIERE,0,0,0,0,0
20261210,87381079,Bois Colombes,BOIS-COLOMBES,0,0,0,0,0
20261210,87545459,La Norville Saint-Germain les Arpajon,LA NORVILLE,0,0,0,0,0
20261210,87271171,La Barre Ormesson,DEUIL-LA-BARRE,0,0,0,0,0
20261210,87116079,Verneuil l'Etang,VERNEUIL-L'ETANG,0,0,0,0,0
20261210,87286815,Nomain-Ouvignies,NOMAIN,0,0,0,0,0
20261210,87381723,Maule,MAULE,0,0,0,0,0
20261210,87381566,Gargenville,GARGENVILLE,0,0,0,0,0
20261210,87684217,Souppes-Château Landon,SOUPPES-SUR-LOING,0,0,0,0,0
20261210,87681403,Moulin Galant,CORBEIL-ESSONNES,0,0,0,0,0
20261210,87386680,Les Mureaux,LES MUREAUX,0,0,0,0,0
20261210,87682294,Saint-Mammès,SAINT-MAMMES,0,0,0,0,0
20261210,87381160,Montgeroult-Courcelles,MONTGEROULT,0,0,0,0,0
20261210,87393587,Tillières sur Avre,TILLIERES-SUR-AVRE,0,0,0,0,0
20261210,87316752,Feuquerolles,FEUQUIERES-EN-VIMEU,0,0,0,0,0
20261210,87681825,Villeneuve Saint-Georges,VILLENEUVE-SAINT-GEORGES,0,0,0,0,0
20261210,87586446,Trentels-Ladignac,TRENTELS,0,0,0,0,0
20261210,87113746,Nogent le Perreux,LE PERREUX-SUR-MARNE,0,0,0,0,0
20261210,87492108,Les Ardoines,VITRY-SUR-SEINE,0,0,0,0,0
20261210,87272039,Seugy,SEUGY,0,0,0,0,0
20261210,87116772,Crécy la Chapelle,CRECY-LA-CHAPELLE,0,0,0,0,0
20261210,87328328,Bibliothèque François Mitterrand,PARIS,0,0,0,0,0
20261210,87366922,Saint-Germain Bel Air Fourqueux,SAINT-GERMAIN-EN-LAYE,0,0,0,0,0
20261210,87393603,Bourth,BOURTH,0,0,0,0,0
20261210,87608802,Créteil-Pompadour,CRETEIL,0,0,0,0,0
20261210,87116632,Lizy sur Ourcq,LIZY-SUR-OURCQ,0,0,0,0,0
20261210,87381814,Vaux sur Seine,VAUX-SUR-SEINE,0,0,0,0,0
20261210,87595280,Douzillac,DOUZILLAC,0,0,0,0,0
20261210,87286740,Tressin,TRESSIN,0,0,0,0,0
20261210,87113894,Freinville-Sevran,SEVRAN,0,0,0,0,0
20261210,87757518,Fréjus Gare auto train,FREJUS,0,0,0,0,0
20261210,87141564,Pulligny Autrey,AUTREY,0,0,0,0,0
20261210,87684100,Montigny sur Loing,MONTIGNY-SUR-LOING,0,0,0,0,0
20261210,87597781,Lavaveix les Mines,LAVAVEIX-LES-MINES,0,0,0,0,0
20261210,87595728,Mauzens Miremont,MAUZENS-ET-MIREMONT,0,0,0,0,0
20261210,87276592,Gros Noyer-Saint-Prix,ERMONT,0,0,0,0,0
20261210,87171355,Mont Notre Dame,MONT-NOTRE-DAME,0,0,0,0,0
20261210,87391565,Clamart,CLAMART,0,0,0,0,0
20261210,87545145,Etréchy,ETRECHY,0,0,0,0,0
20261210,87611954,Route de Launaguet,TOULOUSE,0,0,0,0,0
20261210,87193813,Lemberg,LEMBERG,0,0,0,0,0
20261210,87673673,Louhossoa,LOUHOSSOA,0,0,0,0,0
20261210,87276162,Chaponval,AUVERS-SUR-OISE,0,0,0,0,0
20261210,87276071,Franconville-Le Plessis Bouchard,FRANCONVILLE,0,0,0,0,0
20261210,87334482,Neuville Université,NEUVILLE-SUR-OISE,0,0,0,0,0
20261210,87381038,Avenue Foch,PARIS,0,0,0,0,0
20261210,87116210,Tournan,TOURNAN-EN-BRIE,0,0,0,0,0
20261210,87286260,Comines France,COMINES,0,0,0,0,0
20261210,87271452,Villepinte,VILLEPINTE,0,0,0,0,0
20261210,87618082,Golfech,GOLFECH,0,0,0,0,0
20261210,87641316,Pontgibaud,PONTGIBAUD,0,0,0,0,0
20261210,87276667,Méry sur Oise,MERY-SUR-OISE,0,0,0,0,0
20261210,87144162,Laveline devant Bruyeres,LAVELINE-DEVANT-BRUYERES,0,0,0,0,0
20261210,87272021,Villaines,VILLAINES-SOUS-BOIS,0,0,0,0,0
20261210,87683607,Augy Vaux,AUGY,0,0,0,0,0
20261210,87684118,Bourron Marlotte Grez,BOURRON-MARLOTTE,0,0,0,0,0
20261210,87444604,Sainte-Gauburge,SAINTE-GAUBURGE-SAINTE-COLOMBE,0,0,0,0,0
20261210,87271445,Sevran-Beaudottes,SEVRAN,0,0,0,0,0
20261210,87144048,Lepanges,LEPANGES-SUR-VOLOGNE,0,0,0,0,0
20261210,87271395,Le Bourget,LE BOURGET,0,0,0,0,0
20261210,87386656,Vernouillet Verneuil,VERNEUIL-SUR-SEINE,0,0,0,0,0
20261210,87988717,Lycée Henri Sellier,LIVRY-GARGAN,0,0,0,0,0
20261210,87144204,Poussay,POUSSAY,0,0,0,0,0
20261210,87734509,Noiretable,NOIRETABLE,0,0,0,0,0
20261210,87546192,Pont de Rungis - Aéroport d'Orly,THIAIS,0,0,0,0,0
20261210,87413708,Harfleur Halte,HARFLEUR,0,0,0,0,0
20261210,87611947,Lalande Eglise,TOULOUSE,0,0,0,0,0
20261210,87681007,Corbeil Essonnes,CORBEIL-ESSONNES,0,0,0,0,0
20261210,87641472,Le Mont Dore,MONT-DORE,0,0,0,0,0
20261210,87592881,Exideuil sur Vienne,EXIDEUIL-SUR-VIENNE,0,0,0,0,0
20261210,87116046,Emerainville-Pontault Combault,PONTAULT-COMBAULT,0,0,0,0,0
20261210,87276105,Saint-Ouen l'Aumône,SAINT-OUEN-L'AUMONE,0,0,0,0,0
20261210,87382887,Viroflay Rive Droite,VIROFLAY,0,0,0,0,0
20261210,87413724,Montivilliers,MONTIVILLIERS,0,0,0,0,0
20261210,87113845,Les Coquetiers,VILLEMOMBLE,0,0,0,0,0
20261210,87191601,Basse Ham,BASSE-HAM,0,0,0,0,0
20261210,87595538,Milhac d'Auberoche,BASSILLAC ET AUBEROCHE,0,0,0,0,0
20261210,87682138,Boussy Saint-Antoine,BOUSSY-SAINT-ANTOINE,0,0,0,0,0
20261210,87682500,Vosves,DAMMARIE-LES-LYS,0,0,0,0,0
20261210,87141572,Ceintrey,CEINTREY,0,0,0,0,0
20261210,87545194,Brétigny,BRETIGNY-SUR-ORGE,0,0,0,0,0
20261210,87761494,Saint-Péray,SAINT-PERAY,0,0,0,0,0
20261210,87171371,Fère en Tardenois,FERE-EN-TARDENOIS,0,0,0,0,0
20261210,87382655,Cergy le Haut,CERGY,0,0,0,0,0
20261210,87276675,Mériel,MERIEL,0,0,0,0,0
20261210,87381558,Juziers,JUZIERS,0,0,0,0,0
20261210,87141549,Xeuilley,XEUILLEY,0,0,0,0,0
20261210,87381228,Chaumont en Vexin,CHAUMONT-EN-VEXIN,0,0,0,0,0
20261210,87381426,Saint-Ouen l'Aumône Eglise,SAINT-OUEN-L'AUMONE,0,0,0,0,0
20261210,87393116,Bellevue,MEUDON,0,0,0,0,0
20261210,87393470,Marchezais Broué,BROUE,0,0,0,0,0
20261210,87545178,Bouray,LARDY,0,0,0,0,0
20261210,87382341,Sèvres Ville d'Avray,SEVRES,0,0,0,0,0
20261210,87116285,Mouroux,MOUROUX,0,0,0,0,0
20261210,87381186,Santeuil le Perchay,SANTEUIL,0,0,0,0,0
20261210,87545236,Savigny sur Orge,SAVIGNY-SUR-ORGE,0,0,0,0,0
20261210,87545210,Sainte-Geneviève des Bois,SAINTE-GENEVIEVE-DES-BOIS,0,0,0,0,0
20261210,87141531,Bainville,BAINVILLE-SUR-MADON,0,0,0,0,0
20261210,87111278,Porte de Clichy,PARIS,0,0,0,0,0
20261210,87276253,Louvres,LOUVRES,0,0,0,0,0
20261210,87546226,Les Saules,ORLY,0,0,0,0,0
20261210,87271247,Saint-Ouen,SAINT-OUEN-SUR-SEINE,0,0,0,0,0
20261210,87393405,Fontenay le Fleury,FONTENAY-LE-FLEURY,0,0,0,0,0
20261210,87444570,Nonant le Pin,MERLERAULT-LE-PIN,0,0,0,0,0
20261210,87583468,Roumazieres Loubert,TERRES-DE-HAUTE-CHARENTE,0,0,0,0,0
20261210,87382267,Vaucresson,VAUCRESSON,0,0,0,0,0
20261210,87682112,Yerres,YERRES,0,0,0,0,0
20261210,87393082,Meudon Val Fleury,MEUDON,0,0,0,0,0
20261210,87595215,La Cave,MARSAC-SUR-L'ISLE,0,0,0,0,0
20261210,87592451,Vaulry,VAULRY,0,0,0,0,0
20261210,87116103,Meaux,MEAUX,0,0,0,0,0
20261210,87276485,Bouffémont-Moisselles,BOUFFEMONT,0,0,0,0,0
20261210,87164780,Stade de France Saint-Denis,SAINT-DENIS,0,0,0,0,0
20261210,87381269,Sérifontaine,SERIFONTAINE,0,0,0,0,0
20261210,87386730,Aubergenville-Elisabethville,AUBERGENVILLE,0,0,0,0,0
20261210,87276444,Boran sur Oise,BORAN-SUR-OISE,0,0,0,0,0
20261210,87276386,Sarcelles-Saint-Brice,SAINT-BRICE-SOUS-FORET,0,0,0,0,0
20261210,87641464,La Bourboule,LA BOURBOULE,0,0,0,0,0
20261210,87381897,Conflans Sainte-Honorine,CONFLANS-SAINTE-HONORINE,0,0,0,0,0
20261210,87316745,Acheux-Franleu,CHEPY,0,0,0,0,0
20261210,87611871,Malause,MALAUSE,0,0,0,0,0
20261210,87611111,Lestelle,LESTELLE-DE-SAINT-MARTORY,0,0,0,0,0
20261210,87287243,Cobrieux,GENECH,0,0,0,0,0
20261210,87545509,Saint-Chéron,SAINT-CHERON,0,0,0,0,0
20261210,87141648,Diarville,HOUSSEVILLE,0,0,0,0,0
20261210,87444232,Couliboeuf,MORTEAUX-COULIBOEUF,0,0,0,0,0
20261210,87393884,Villiers Neauphles Pontchartrain,VILLIERS-SAINT-FREDERIC,0,0,0,0,0
20261210,87393108,Meudon,MEUDON,0,0,0,0,0
20261210,87491134,Clion sur Seugne,CLION,0,0,0,0,0
20261210,87113522,Le Chénay Gagny,GAGNY,0,0,0,0,0
20261210,87381129,Clichy-Levallois,LEVALLOIS-PERRET,0,0,0,0,0
20261210,87382002,Bécon les Bruyères,COURBEVOIE,0,0,0,0,0
20261210,87271486,Parc des Expositions,VILLEPINTE,0,0,0,0,0
20261210,87276154,Pont Petit,SAINT-OUEN-L'AUMONE,0,0,0,0,0
20261210,87381095,Le Stade,COLOMBES,0,0,0,0,0
20261210,87683706,Voutenay,VOUTENAY-SUR-CURE,0,0,0,0,0
20261210,87116301,Coulommiers,COULOMMIERS,0,0,0,0,0
20261210,87276089,Montigny-Beauchamp,BEAUCHAMP,0,0,0,0,0
20261210,87595553,Limeyrat,LIMEYRAT,0,0,0,0,0
20261210,87171256,Montbré,MONTBRE,0,0,0,0,0
20261210,87485060,Marans,MARANS,0,0,0,0,0
20261210,87413351,Bolbec Nointot,BOLBEC,0,0,0,0,0
20261210,87144386,Colroy Lubine,PROVENCHERES-ET-COLROY,0,0,0,0,0
20261210,87271411,Aulnay sous Bois,AULNAY-SOUS-BOIS,0,0,0,0,0
20261210,87751644,Saint-Louis les Aygalades,MARSEILLE,0,0,0,0,0
20261210,87594424,Larche,SAINT-PANTALEON-DE-LARCHE,0,0,0,0,0
20261210,87271148,Epinay sur Seine,EPINAY-SUR-SEINE,0,0,0,0,0
20261210,87415646,Saint-Pierre du Vauvray,SAINT-PIERRE-DU-VAUVRAY,0,0,0,0,0
20261210,87413732,Epouville,EPOUVILLE,0,0,0,0,0
20261210,87116293,Vaires-Torcy,VAIRES-SUR-MARNE,0,0,0,0,0
20261210,87276758,Nointel-Mours,NOINTEL,0,0,0,0,0
20261210,87682161,Cesson,CESSON,0,0,0,0,0
20261210,87113803,Les Yvris Noisy le Grand,NOISY-LE-GRAND,0,0,0,0,0
20261210,87747519,Pont de Claix,LE PONT-DE-CLAIX,0,0,0,0,0
20261210,87382861,Versailles Rive Droite,VERSAILLES,0,0,0,0,0
20261210,87116566,Nogent l'Artaud-Charly,NOGENT-L'ARTAUD,0,0,0,0,0
20261210,87681510,Buno Gironville,BUNO-BONNEVAUX,0,0,0,0,0
20261210,87431791,Rougemont Chanteloup,SEVRAN,0,0,0,0,0
20261210,87144220,Hymont Mattaincourt,HYMONT,0,0,0,0,0
20261210,87276261,Survilliers-Fosses,FOSSES,0,0,0,0,0
20261210,87381475,Chanteloup les Vignes,CHANTELOUP-LES-VIGNES,0,0,0,0,0
20261210,87681452,La Ferté Alais,LA FERTE-ALAIS,0,0,0,0,0
20261210,87381806,Triel sur Seine,TRIEL-SUR-SEINE,0,0,0,0,0
20261210,87682211,Fontainebleau-Avon,AVON,0,0,0,0,0
20261210,87113878,Allée de la Tour-Rendez-Vous,VILLEMOMBLE,0,0,0,0,0
20261210,87381046,Avenue Henri Martin,PARIS,0,0,0,0,0
20261210,87386003,La Garenne-Colombes,LA GARENNE-COLOMBES,0,0,0,0,0
20261210,87381590,Mantes Station,MANTES-LA-JOLIE,0,0,0,0,0
20261210,87191312,Kuntzig,KUNTZIG,0,0,0,0,0
20261210,87287235,Bouvines,CYSOING,0,0,0,0,0
20261210,87382218,La Défense,PUTEAUX,0,0,0,0,0
20261210,87272146,Les Grésillons,GENNEVILLIERS,0,0,0,0,0
20261210,87381657,Achères,ACHERES,0,0,0,0,0
20261210,87276097,Pierrelaye,PIERRELAYE,0,0,0,0,0
20261210,87682401,Livry sur Seine,LIVRY-SUR-SEINE,0,0,0,0,0
20261210,87116087,Mormant,MORMANT,0,0,0,0,0
20261210,87381202,La Villetertre,LAVILLETERTRE,0,0,0,0,0
20261210,87393439,Garancières la Queue,GARANCIERES,0,0,0,0,0
20261210,87382366,Le Val d'Or,SAINT-CLOUD,0,0,0,0,0
20261210,87116509,Changis-Saint-Jean,CHANGIS-SUR-MARNE,0,0,0,0,0
20261210,87286229,Wambrechies,WAMBRECHIES,0,0,0,0,0
20261210,87393322,Pont du Garigliano (Boulevard Victor),PARIS,0,0,0,0,0
20261210,87381483,Maurecourt,ANDRESY,0,0,0,0,0
20261210,87276394,Ecouen-Ezanville,EZANVILLE,0,0,0,0,0
20261210,87684415,Malesherbes,LE MALESHERBOIS,0,0,0,0,0
20261210,87382333,Chaville Rive Droite,CHAVILLE,0,0,0,0,0
20261210,87682187,Savigny le Temple-Nandy,SAVIGNY-LE-TEMPLE,0,0,0,0,0
20261210,87393215,Viroflay Rive Gauche,VIROFLAY,0,0,0,0,0
20261210,87681247,Le Vert de Maisons,ALFORTVILLE,0,0,0,0,0
20261210,87393876,Noisy le Roi,NOISY-LE-ROI,0,0,0,0,0
20261210,87116277,Faremoutiers-Pommeuse,POMMEUSE,0,0,0,0,0
20261210,87682278,Moret-Veneux les Sablons,MORET-LOING-ET-ORVANNE,0,0,0,0,0
20261210,87393462,Houdan,HOUDAN,0,0,0,0,0
20261210,87193631,Sarreinsming,SARREINSMING,0,0,0,0,0
20261210,87381731,Nézel-Aulnay,NEZEL,0,0,0,0,0
20261210,87174441,Saint-Hilaire au Temple,LA NEUVILLE-AU-TEMPLE,0,0,0,0,0
20261210,87545228,Epinay sur Orge,EPINAY-SUR-ORGE,0,0,0,0,0
20261210,87271528,Mitry-Claye,MITRY-MORY,0,0,0,0,0
20261210,87272054,Thieux-Nantouillet,NANTOUILLET,0,0,0,0,0
20261210,87381582,Limay,LIMAY,0,0,0,0,0
20261210,87271122,Epinay-Villetaneuse,EPINAY-SUR-SEINE,0,0,0,0,0
20261210,87476408,Belz Ploêmel,PLOEMEL,0,0,0,0,0
20261210,87594747,Bétaille,BETAILLE,0,0,0,0,0
20261210,87393165,Porchefontaine,VERSAILLES,0,0,0,0,0
20261210,87276550,Belloy-Saint-Martin,BELLOY-EN-FRANCE,0,0,0,0,0
20261210,87491043,Taillebourg,TAILLEBOURG,0,0,0,0,0
20261210,87174821,Suippes,SUIPPES,0,0,0,0,0
20261210,87413336,Virville Manneville,VIRVILLE,0,0,0,0,0
20261210,87681411,Mennecy,MENNECY,0,0,0,0,0
20261210,87317487,Quesnoy le Montant,QUESNOY-LE-MONTANT,0,0,0,0,0
20261210,87393223,Saint-Cyr,SAINT-CYR-L'ECOLE,0,0,0,0,0
20261210,87191338,Metzervisse,METZERVISSE,0,0,0,0,0
20261210,87681395,Le Bras de Fer,EVRY-COURCOURONNES,0,0,0,0,0
20261210,87393207,Chaville Rive Gauche,CHAVILLE,0,0,0,0,0
20261210,87391532,Vanves-Malakoff,MALAKOFF,0,0,0,0,0
20261210,87191320,Distroff,DISTROFF,0,0,0,0,0
20261210,87113860,Gargan,LES PAVILLONS-SOUS-BOIS,0,0,0,0,0
20261210,87116400,Montry-Condé,MONTRY,0,0,0,0,0
20261210,87684241,Ferrières-Fontenay,FONTENAY-SUR-LOING,0,0,0,0,0
20261210,87396226,Crissé,CRISSE,0,0,0,0,0
20261210,87276659,Frépillon,FREPILLON,0,0,0,0,0
20261210,87594671,Lubersac,LUBERSAC,0,0,0,0,0
20261210,87116699,Oulchy-Brény,BRENY,0,0,0,0,0
20261210,87393652,Petit Vaux,EPINAY-SUR-ORGE,0,0,0,0,0
20261210,87287219,Anstaing,ANSTAING,0,0,0,0,0
20261210,87116111,Chelles-Gournay,CHELLES,0,0,0,0,0
20261210,87381848,Argenteuil,ARGENTEUIL,0,0,0,0,0
20261210,87381145,Osny,OSNY,0,0,0,0,0
20261210,87393892,Montfort l'Amaury Méré,MERE,0,0,0,0,0
20261210,87113514,Gagny,GAGNY,0,0,0,0,0
20261210,87286781,Cysoing,CYSOING,0,0,0,0,0
20261210,87681486,Maisse,MAISSE,0,0,0,0,0
20261210,87681353,Grand-Bourg,RIS-ORANGIS,0,0,0,0,0
20261210,87381715,Mareil sur Mauldre,MAREIL-SUR-MAULDRE,0,0,0,0,0
20261210,87682146,Combs la Ville-Quincy,COMBS-LA-VILLE,0,0,0,0,0
20261210,87381244,Gisors Embranchement,GISORS,0,0,0,0,0
20261210,87783761,Laissac,LAISSAC-SEVERAC L'EGLISE,0,0,0,0,0
20261210,87413716,Jacques Monod la Demi Lieue,MONTIVILLIERS,0,0,0,0,0
20261210,87681478,Boutigny,BOUTIGNY-SUR-ESSONNE,0,0,0,0,0
20261210,87386409,Houilles-Carrières sur Seine,HOUILLES,0,0,0,0,0
20261210,87271429,Sevran-Livry,SEVRAN,0,0,0,0,0
20261210,87546317,Chemin d'Antony,ANTONY,0,0,0,0,0
20261210,87276188,Sannois,SANNOIS,0,0,0,0,0
20261210,87476457,Quiberon,QUIBERON,0,0,0,0,0
20261210,87682542,Saint-Fargeau,SAINT-FARGEAU-PONTHIERRY,0,0,0,0,0
20261210,87382382,Puteaux,PUTEAUX,0,0,0,0,0
20261210,87276238,Les Noues,GOUSSAINVILLE,0,0,0,0,0
20261210,87645119,Visecamp sous Jallès,LACAPELLE-VIESCAMP,0,0,0,0,0
20261210,87545301,Ivry sur Seine,IVRY-SUR-SEINE,0,0,0,0,0
20261210,87547315,Saint-Michel Notre-Dame,PARIS,0,0,0,0,0
20261210,87615229,Campagne sur Aude,CAMPAGNE-SUR-AUDE,0,0,0,0,0
20261210,87276410,Précy sur Oise,PRECY-SUR-OISE,0,0,0,0,0
20261210,87276436,Domont,DOMONT,0,0,0,0,0
20261210,87444406,Houlgate,HOULGATE,0,0,0,0,0
20261210,87271585,Ormoy Villers,ORMOY-VILLERS,0,0,0,0,0
20261210,87386417,Sartrouville,SARTROUVILLE,0,0,0,0,0
20261210,87733675,Saint-Germain-en-Laye Bel-Air - Fourqueux,SAINT-GERMAIN-EN-LAYE,0,0,0,0,0
